tmdb_id,title,original_language,language_queried,release_date,popularity,vote_average,vote_count,director_gender,female_leads_top5,male_leads_top5,total_cast,female_in_full_cast,budget,revenue,runtime,genres,production_companies,bechdel_proxy_score,bechdel_proxy_pass,bechdel_proxy_partial,year,decade,genres_list,primary_genre,revenue_clean,budget_clean,has_boxoffice,roi,female_cast_ratio,female_lead_ratio,director_gender_label,language_label,revenue_m,revenue_inr_crore,budget_inr_crore
20453,3 Idiots,hi,hi,2009-12-23,18.9154,8.0,2706,2,1,4,26,5,9000000,70000000,171,"['Drama', 'Comedy']","['Vidhu Vinod Chopra Productions', 'Vinod Chopra Films']",0.0,False,False,2009,2005,"['Drama', 'Comedy']",Drama,70000000.0,9000000.0,True,6.777777777777778,0.1923076923076923,0.2,Male,Hindi,,460.0,75.15
781732,Animal,hi,hi,2023-12-01,16.0044,6.119,189,2,2,3,158,26,13000000,108300000,201,"['Action', 'Crime', 'Drama']","['T-Series', 'Bhadrakali Pictures', 'ST Film']",2.0,False,True,2023,2020,"['Action', 'Crime', 'Drama']",Action,108300000.0,13000000.0,True,7.3307692307692305,0.1645569620253164,0.4,Male,Hindi,,917.0,108.55
360814,Dangal,hi,hi,2016-12-21,9.7434,7.878,1155,2,4,1,25,5,10400000,311000000,161,"['Drama', 'Family', 'Comedy']","['Aamir Khan Productions', 'UTV Motion Pictures', 'Disney World Cinema']",2.0,False,True,2016,2015,"['Drama', 'Family', 'Comedy']",Drama,311000000.0,10400000.0,True,28.903846153846153,0.2,0.8,Male,Hindi,,2023.71,86.84
7508,Like Stars on Earth,hi,hi,2007-12-21,8.3399,7.969,1337,2,1,4,17,3,2600000,28430000,162,['Drama'],"['Aamir Khan Productions', 'PVR Inox Pictures', 'UTV Motion Pictures']",0.0,False,False,2007,2005,['Drama'],Drama,28430000.0,2600000.0,True,9.934615384615384,0.1764705882352941,0.2,Male,Hindi,,237.3905,21.71
872906,Jawan,hi,hi,2023-09-07,7.9648,7.077,326,2,2,3,205,19,36150000,136698671,169,"['Action', 'Thriller']",['Red Chillies Entertainment'],2.0,False,True,2023,2020,"['Action', 'Thriller']",Action,136698671.0,36150000.0,True,2.7814293499308436,0.0926829268292682,0.4,Male,Hindi,,1148.0,301.8525
376812,Sultan,hi,hi,2016-07-06,7.2931,6.861,259,2,1,4,17,4,10400000,102000000,170,"['Drama', 'Action', 'Romance']",['Yash Raj Films'],0.0,False,False,2016,2015,"['Drama', 'Action', 'Romance']",Drama,102000000.0,10400000.0,True,8.807692307692308,0.2352941176470588,0.2,Male,Hindi,,623.0,86.84
26022,My Name Is Khan,hi,hi,2010-02-10,5.4532,8.028,1452,2,2,2,43,11,12000000,42345360,165,"['Drama', 'Romance']","['Dharma Productions', 'Fox Searchlight Pictures', 'Red Chillies Entertainment', 'Fox Star Studios', 'Image Nation Abu Dhabi', 'Fox International Productions', 'Mandate International', 'Star China Media', 'Bollywood Hollywood Productions', 'FilmyBox Movies', 'Sony Music']",2.0,False,True,2010,2010,"['Drama', 'Romance']",Drama,42345360.0,12000000.0,True,2.52878,0.2558139534883721,0.4,Male,Hindi,,353.583756,100.2
1163258,12th Fail,hi,hi,2023-08-11,5.997,7.9,238,2,1,4,25,3,2400000,8300000,146,['Drama'],"['Vidhu Vinod Chopra Productions', 'Zee Studios']",0.0,False,False,2023,2020,['Drama'],Drama,8300000.0,2400000.0,True,2.4583333333333335,0.12,0.2,Male,Hindi,,69.305,20.04
1160018,Kill,hi,hi,2024-07-03,7.0544,7.105,493,2,1,4,81,5,4800000,5600000,105,"['Action', 'Crime', 'Thriller', 'Drama']","['Sikhya Entertainment', 'Dharma Productions']",0.0,False,False,2024,2020,"['Action', 'Crime', 'Thriller', 'Drama']",Action,5600000.0,4800000.0,True,0.1666666666666666,0.0617283950617283,0.2,Male,Hindi,,46.76,40.08
4251,Veer-Zaara,hi,hi,2004-11-12,5.716,7.452,305,2,4,1,30,7,7000000,29385320,192,"['Drama', 'Romance']","['Yash Raj Films', 'Veer Zaara Pictures']",2.0,False,True,2004,2000,"['Drama', 'Romance']",Drama,29385320.0,7000000.0,True,3.197902857142857,0.2333333333333333,0.8,Male,Hindi,,245.367422,58.45
370665,Dilwale,hi,hi,2015-12-18,5.2053,6.6,344,2,2,3,21,2,26000000,61000000,158,"['Crime', 'Action', 'Comedy']","['Red Chillies Entertainment', 'Rohit Shetty Productionz']",2.0,False,True,2015,2015,"['Crime', 'Action', 'Comedy']",Crime,61000000.0,26000000.0,True,1.3461538461538465,0.0952380952380952,0.4,Male,Hindi,,509.35,217.1
206324,Bhaag Milkha Bhaag,hi,hi,2013-07-12,5.5778,7.5,278,2,3,2,15,4,4600000,25000000,186,"['History', 'Drama']",['Viacom18 Studios'],2.0,False,True,2013,2010,"['History', 'Drama']",History,25000000.0,4600000.0,True,4.434782608695652,0.2666666666666666,0.6,Male,Hindi,,208.75,38.41
192558,Aashiqui 2,hi,hi,2013-04-26,5.3046,6.84,188,2,1,4,8,1,1300000,16000000,132,"['Drama', 'Romance']","['T-Series', 'Vishesh Films']",0.0,False,False,2013,2010,"['Drama', 'Romance']",Drama,16000000.0,1300000.0,True,11.307692307692308,0.125,0.2,Male,Hindi,,133.6,10.855
297222,PK,hi,hi,2014-12-18,5.6558,7.695,1156,2,1,4,22,6,13000000,118920000,153,"['Comedy', 'Drama', 'Science Fiction']","['Rajkumar Hirani Films', 'Vinod Chopra Films', 'UTV Motion Pictures']",0.0,False,False,2014,2010,"['Comedy', 'Drama', 'Science Fiction']",Comedy,118920000.0,13000000.0,True,8.147692307692308,0.2727272727272727,0.2,Male,Hindi,,854.0,108.55
205022,Chennai Express,hi,hi,2013-08-08,5.0242,6.52,381,2,1,4,16,3,18000000,62000000,141,"['Romance', 'Comedy', 'Action']","['Red Chillies Entertainment', 'UTV Motion Pictures', 'Reliance MediaWorks']",0.0,False,False,2013,2010,"['Romance', 'Comedy', 'Action']",Romance,62000000.0,18000000.0,True,2.4444444444444446,0.1875,0.2,Male,Hindi,,517.7,150.3
363343,Raees,hi,hi,2017-01-25,5.2103,6.663,251,2,2,3,11,3,46000000,0,143,"['Thriller', 'Action', 'Crime']","['Red Chillies Entertainment', 'Excel Entertainment']",2.0,False,True,2017,2015,"['Thriller', 'Action', 'Crime']",Thriller,,46000000.0,False,,0.2727272727272727,0.4,Male,Hindi,,,384.1
864692,Pathaan,hi,hi,2023-01-25,4.9965,6.413,252,2,2,3,53,3,30270000,127180000,146,"['Action', 'Adventure', 'Thriller']","['Yash Raj Films', 'Pathaan Productions', 'Palma Pictures', 'FPS Productions', 'NSA Picture', 'ODU Movies']",2.0,False,True,2023,2020,"['Action', 'Adventure', 'Thriller']",Action,127180000.0,30270000.0,True,3.201519656425504,0.0566037735849056,0.4,Male,Hindi,,1050.0,252.7545
784651,Fighter,hi,hi,2024-01-24,4.578,6.157,159,2,2,3,67,6,30069500,43160558,167,"['Action', 'Drama']","['Marflix Pictures', 'Viacom18 Studios', 'Prime Focus']",2.0,False,True,2024,2020,"['Action', 'Drama']",Action,43160558.0,30069500.0,True,0.435360015963019,0.0895522388059701,0.4,Male,Hindi,,360.3906593,251.080325
44977,Dhoom 3,hi,hi,2013-12-19,4.4484,6.0,307,0,1,4,17,7,19500000,91000000,171,"['Action', 'Crime']","['Yash Raj Films', 'Dhoom Studios', 'Prime Focus']",0.0,False,False,2013,2010,"['Action', 'Crime']",Action,91000000.0,19500000.0,True,3.6666666666666665,0.4117647058823529,0.2,Unknown,Hindi,,759.85,162.825
362045,Bajirao Mastani,hi,hi,2015-12-18,4.6149,7.257,306,2,3,2,15,4,19500000,56000000,158,"['History', 'Romance', 'Drama']","['Eros International', 'Bhansali Productions']",2.0,False,True,2015,2015,"['History', 'Romance', 'Drama']",History,56000000.0,19500000.0,True,1.871794871794872,0.2666666666666666,0.6,Male,Hindi,,467.6,162.825
1029827,Drishyam 2,hi,hi,2022-11-18,5.1393,8.014,107,2,3,2,22,6,7200000,41000000,140,"['Thriller', 'Drama', 'Mystery']","['Viacom18 Studios', 'Panorama Studios', 'T-Series', 'Aashirvad Cinemas', 'Reflection Pictures Studio']",2.0,False,True,2022,2020,"['Thriller', 'Drama', 'Mystery']",Thriller,41000000.0,7200000.0,True,4.694444444444445,0.2727272727272727,0.6,Male,Hindi,,342.35,60.12
11518,Mohabbatein,hi,hi,2000-10-27,4.7133,7.087,289,2,0,5,29,8,4000000,20000000,216,"['Drama', 'Romance']",['Yash Raj Films'],0.0,False,False,2000,2000,"['Drama', 'Romance']",Drama,20000000.0,4000000.0,True,4.0,0.2758620689655172,0.0,Male,Hindi,,167.0,33.4
577328,Kabir Singh,hi,hi,2019-06-20,5.277,6.3,178,2,2,3,13,3,8751000,55478164,172,"['Drama', 'Romance']","['Cine1 Studios', 'T-Series']",2.0,False,True,2019,2015,"['Drama', 'Romance']",Drama,55478164.0,8751000.0,True,5.339637070049137,0.2307692307692307,0.4,Male,Hindi,,463.2426694,73.07085
538858,Tumbbad,hi,hi,2018-10-12,4.0664,7.581,326,2,0,2,17,2,0,0,113,"['Fantasy', 'Horror']","['Filmgate Films', 'Film i Väst', 'Sohum Shah FIlms', 'Colour Yellow Productions', 'Eros International']",0.0,False,False,2018,2015,"['Fantasy', 'Horror']",Fantasy,,,False,,0.1176470588235294,0.0,Male,Hindi,,,
117691,Gangs of Wasseypur - Part 1,hi,hi,2012-06-22,3.9978,7.076,433,2,2,3,17,4,1400000,4100000,160,"['Action', 'Thriller', 'Crime']","['Anurag Kashyap Films', 'Jar Pictures', 'Tipping Point Films', 'Viacom18 Studios']",2.0,False,True,2012,2010,"['Action', 'Thriller', 'Crime']",Action,4100000.0,1400000.0,True,1.9285714285714288,0.2352941176470588,0.4,Male,Hindi,,34.235,11.69
352173,Drishyam,hi,hi,2015-07-30,4.1204,7.542,490,2,3,1,16,3,4600000,18000000,163,"['Mystery', 'Thriller', 'Drama']","['Panorama Studios', 'Viacom18 Studios']",2.0,False,True,2015,2015,"['Mystery', 'Thriller', 'Drama']",Mystery,18000000.0,4600000.0,True,2.9130434782608696,0.1875,0.6,Male,Hindi,,150.3,38.41
432527,Padmaavat,hi,hi,2018-01-25,3.815,6.9,307,2,1,4,47,4,31000000,81673897,163,"['Drama', 'History', 'Romance']","['Bhansali Productions', 'Viacom18 Studios']",0.0,False,False,2018,2015,"['Drama', 'History', 'Romance']",Drama,81673897.0,31000000.0,True,1.6346418387096775,0.0851063829787234,0.2,Male,Hindi,,681.97703995,258.85
61202,Zindagi Na Milegi Dobara,hi,hi,2011-07-15,3.3564,7.59,409,1,2,3,21,8,7700000,160000000,154,"['Drama', 'Comedy', 'Romance']","['Excel Entertainment', 'Eros International']",3.0,True,True,2011,2010,"['Drama', 'Comedy', 'Romance']",Drama,160000000.0,7700000.0,True,19.77922077922078,0.3809523809523809,0.4,Female,Hindi,,153.0,64.295
585268,War,hi,hi,2019-10-02,3.9649,6.747,378,2,2,3,22,4,24140000,67540000,152,"['Action', 'Thriller', 'Adventure']","['Yash Raj Films', 'Reverie Entertainment']",2.0,False,True,2019,2015,"['Action', 'Thriller', 'Adventure']",Action,67540000.0,24140000.0,True,1.7978458989229495,0.1818181818181818,0.4,Male,Hindi,,563.959,201.569
599925,Shershaah,hi,hi,2021-08-12,3.6259,7.302,121,2,1,4,14,1,0,0,135,"['Action', 'Drama', 'Thriller', 'War']","['Dharma Productions', 'Kaash Entertainment']",0.0,False,False,2021,2020,"['Action', 'Drama', 'Thriller', 'War']",Action,,,False,,0.0714285714285714,0.2,Male,Hindi,,,
664332,Gangubai Kathiawadi,hi,hi,2022-02-24,3.6824,7.463,191,2,3,2,23,7,12000000,25300000,157,"['Crime', 'Drama', 'History']","['Bhansali Productions', 'Pen Studios']",2.0,False,True,2022,2020,"['Crime', 'Drama', 'History']",Crime,25300000.0,12000000.0,True,1.1083333333333334,0.3043478260869565,0.6,Male,Hindi,,211.255,100.2
32740,Krrish,hi,hi,2006-06-23,3.5121,6.502,277,2,2,3,15,6,5000000,16000000,174,"['Action', 'Science Fiction']","['Film Kraft', 'Golden Network Asia', 'Yash Raj Films', 'Adlabs Films']",2.0,False,True,2006,2005,"['Action', 'Science Fiction']",Action,16000000.0,5000000.0,True,2.2,0.4,0.4,Male,Hindi,,133.6,41.75
8079,Om Shanti Om,hi,hi,2007-11-07,3.5609,7.116,398,1,2,3,85,28,9100000,37707444,169,"['Comedy', 'Thriller', 'Drama']","['Red Chillies Entertainment', 'Eros International']",3.0,True,True,2007,2005,"['Comedy', 'Thriller', 'Drama']",Comedy,37707444.0,9100000.0,True,3.1436751648351646,0.3294117647058823,0.4,Female,Hindi,,314.8571574,75.985
17501,Don,hi,hi,2006-10-20,3.5735,6.913,303,2,1,4,25,4,5000000,15000000,178,"['Action', 'Drama', 'Thriller']",['Excel Entertainment'],0.0,False,False,2006,2005,"['Action', 'Drama', 'Thriller']",Action,15000000.0,5000000.0,True,2.0,0.16,0.2,Male,Hindi,,125.25,41.75
496331,Brahmāstra Part One: Shiva,hi,hi,2022-09-08,2.9853,6.321,195,2,2,3,24,7,22000000,0,168,"['Action', 'Adventure', 'Fantasy']","['Dharma Productions', 'Prime Focus', 'Starlight Pictures', 'Star Studios']",2.0,False,True,2022,2020,"['Action', 'Adventure', 'Fantasy']",Action,,22000000.0,False,,0.2916666666666667,0.4,Male,Hindi,,,183.7
596650,Chhichhore,hi,hi,2019-09-05,3.0388,7.678,171,2,1,4,15,1,6825000,29353057,146,"['Romance', 'Comedy', 'Drama']","['Fox Star Studios', 'Nadiadwala Grandson Entertainment']",0.0,False,False,2019,2015,"['Romance', 'Comedy', 'Drama']",Romance,29353057.0,6825000.0,True,3.3008142124542124,0.0666666666666666,0.2,Male,Hindi,,245.09802595,56.98875
592508,Sooryavanshi,hi,hi,2021-11-05,3.4476,5.8,176,2,1,4,33,4,13000000,35000000,145,"['Action', 'Crime', 'Thriller']","['Reliance Entertainment', 'Dharma Productions', 'Rohit Shetty Productionz']",0.0,False,False,2021,2020,"['Action', 'Crime', 'Thriller']",Action,35000000.0,13000000.0,True,1.6923076923076923,0.1212121212121212,0.2,Male,Hindi,,292.25,108.55
611359,Tu Jhoothi Main Makkaar,hi,hi,2023-03-08,3.4879,6.3,217,2,2,2,21,5,0,0,159,"['Comedy', 'Romance', 'Family']","['LUV Films', 'T-Series', 'Identical Pictures']",2.0,False,True,2023,2020,"['Comedy', 'Romance', 'Family']",Comedy,,,False,,0.238095238095238,0.4,Male,Hindi,,,
41517,Ra.One,hi,hi,2011-10-24,3.3158,5.736,377,2,1,3,21,6,24000000,35911689,156,"['Adventure', 'Action', 'Science Fiction']","['Red Chillies Entertainment', 'Eros International', 'Prime Focus']",0.0,False,False,2011,2010,"['Adventure', 'Action', 'Science Fiction']",Adventure,35911689.0,24000000.0,True,0.496320375,0.2857142857142857,0.2,Male,Hindi,,299.86260315,200.4
277432,Happy New Year,hi,hi,2014-10-24,3.3101,6.121,290,1,1,4,32,5,25000000,0,180,"['Action', 'Comedy', 'Crime', 'Adventure']","['Red Chillies Entertainment', 'Yash Raj Films']",0.0,False,False,2014,2010,"['Action', 'Comedy', 'Crime', 'Adventure']",Action,,25000000.0,False,,0.15625,0.2,Female,Hindi,,,208.75
15917,Devdas,hi,hi,2002-07-11,3.0749,7.499,379,2,3,2,21,10,6663555,13311117,185,"['Drama', 'Romance']","['V.I.P. Films', 'Mega Bollywood Private Limited']",2.0,False,True,2002,2000,"['Drama', 'Romance']",Drama,13311117.0,6663555.0,True,0.9975999297672188,0.4761904761904761,0.6,Male,Hindi,,111.14782695,55.64068425
10757,Kabhi Khushi Kabhie Gham,hi,hi,2001-12-14,3.3665,7.663,603,2,2,3,33,11,7500000,11336308,209,"['Comedy', 'Drama']","['Dharma Productions', 'Yash Raj Films', 'British Film Commission', 'K3G Films Limited']",2.0,False,True,2001,2000,"['Comedy', 'Drama']",Comedy,11336308.0,7500000.0,True,0.5115077333333333,0.3333333333333333,0.4,Male,Hindi,,94.6581718,62.625
14163,Chak De! India,hi,hi,2007-08-09,2.9444,7.193,373,2,4,1,26,9,6300000,40000000,148,['Drama'],"['Yash Raj Films', 'Film Victoria']",2.0,False,True,2007,2005,['Drama'],Drama,40000000.0,6300000.0,True,5.349206349206349,0.3461538461538461,0.8,Male,Hindi,,334.0,52.605
79464,Rockstar,hi,hi,2011-11-11,3.0588,7.281,219,2,2,3,11,4,10920000,19660000,159,"['Drama', 'Music', 'Romance']","['Eros International', 'Shree Ashtavinayak Cine Vision']",2.0,False,True,2011,2010,"['Drama', 'Music', 'Romance']",Drama,19660000.0,10920000.0,True,0.8003663003663004,0.3636363636363636,0.4,Male,Hindi,,164.161,91.182
534780,Andhadhun,hi,hi,2018-10-05,3.0762,7.604,620,2,2,3,14,5,4500000,40000000,139,"['Crime', 'Mystery', 'Thriller', 'Comedy']","['Viacom18 Studios', 'Matchbox Pictures']",2.0,False,True,2018,2015,"['Crime', 'Mystery', 'Thriller', 'Comedy']",Crime,40000000.0,4500000.0,True,7.888888888888889,0.3571428571428571,0.4,Male,Hindi,,334.0,37.575
185008,Yeh Jawaani Hai Deewani,hi,hi,2013-05-31,2.9824,7.28,298,2,2,3,16,9,7700000,46000000,160,"['Romance', 'Comedy']","['Dharma Productions', 'UTV Motion Pictures', 'Eros International']",2.0,False,True,2013,2010,"['Romance', 'Comedy']",Romance,46000000.0,7700000.0,True,4.974025974025974,0.5625,0.4,Male,Hindi,,384.1,64.295
14072,Rab Ne Bana Di Jodi,hi,hi,2008-12-11,2.7757,7.116,315,2,1,4,26,9,0,29914469,167,"['Comedy', 'Drama', 'Romance']",['Yash Raj Films'],0.0,False,False,2008,2005,"['Comedy', 'Drama', 'Romance']",Comedy,29914469.0,,True,,0.3461538461538461,0.2,Male,Hindi,,249.78581615,
493623,Hichki,hi,hi,2018-03-23,2.5044,7.6,157,2,1,4,19,4,2000000,25629954,116,"['Drama', 'Comedy']",['Yash Raj Films'],0.0,False,False,2018,2015,"['Drama', 'Comedy']",Drama,25629954.0,2000000.0,True,11.814977,0.2105263157894736,0.2,Male,Hindi,,214.0101159,16.7
14134,Main Hoon Na,hi,hi,2004-04-30,3.0636,6.6,423,1,2,3,22,6,0,5920000,179,['Drama'],"['Red Chillies Entertainment', 'Venus Films']",3.0,True,True,2004,2000,['Drama'],Drama,5920000.0,,True,,0.2727272727272727,0.4,Female,Hindi,,49.432,
191714,The Lunchbox,hi,hi,2013-09-20,3.201,7.375,806,2,2,3,39,4,3400000,17240000,104,"['Drama', 'Romance']","['DAR Motion Pictures', 'A.S.A.P. Films', 'Sikhya Entertainment', 'National Film Development Corporation of India', 'Rohfilm', 'Cine Mosaic', 'ARTE France Cinéma', 'Dharma Productions', 'Nittin Keni Creations', 'UTV Motion Pictures']",2.0,False,True,2013,2010,"['Drama', 'Romance']",Drama,17240000.0,3400000.0,True,4.070588235294117,0.1025641025641025,0.4,Male,Hindi,,143.954,28.39
441909,Tiger Zinda Hai,hi,hi,2017-12-18,2.7616,6.251,175,2,1,4,27,5,19000000,86610000,160,"['Action', 'Adventure', 'Thriller']","['Yash Raj Films', 'Cine Tirol', 'NSA Picture']",0.0,False,False,2017,2015,"['Action', 'Adventure', 'Thriller']",Action,86610000.0,19000000.0,True,3.558421052631579,0.1851851851851851,0.2,Male,Hindi,,723.1935,158.65
503838,Raid,hi,hi,2018-03-16,2.9529,7.165,130,2,3,2,11,3,4700000,18000000,120,"['Crime', 'Drama', 'Thriller']","['Panorama Studios', 'T-Series']",2.0,False,True,2018,2015,"['Crime', 'Drama', 'Thriller']",Crime,18000000.0,4700000.0,True,2.8297872340425534,0.2727272727272727,0.6,Male,Hindi,,150.3,39.245
14194,Dhoom 2,hi,hi,2006-11-24,2.8725,6.627,284,0,2,3,13,3,11000000,46396427,151,"['Drama', 'Action', 'Thriller', 'Crime']","['Yash Raj Films', 'Dhoom Studios']",2.0,False,True,2006,2005,"['Drama', 'Action', 'Thriller', 'Crime']",Drama,46396427.0,11000000.0,True,3.217857,0.2307692307692307,0.4,Unknown,Hindi,,387.41016545,91.85
441889,Secret Superstar,hi,hi,2017-10-19,3.1077,7.258,194,2,2,2,12,4,286284,137416709,150,"['Drama', 'Music']","['Zee Studios', 'Aamir Khan Productions']",2.0,False,True,2017,2015,"['Drama', 'Music']",Drama,137416709.0,286284.0,True,479.0013587905716,0.3333333333333333,0.4,Male,Hindi,,966.0,2.3904714
14070,Ghajini,hi,hi,2008-12-25,2.9311,7.016,447,2,2,3,15,5,9100000,76000000,186,"['Action', 'Romance', 'Thriller']",['Geetha Arts'],2.0,False,True,2008,2005,"['Action', 'Romance', 'Thriller']",Action,76000000.0,9100000.0,True,7.351648351648351,0.3333333333333333,0.4,Male,Hindi,,634.6,75.985
554600,Uri: The Surgical Strike,hi,hi,2019-01-11,2.5337,7.039,477,2,2,3,47,6,0,0,138,"['Action', 'Drama', 'War']",['RSVP Movies'],2.0,False,True,2019,2015,"['Action', 'Drama', 'War']",Action,,,False,,0.1276595744680851,0.4,Male,Hindi,,,
530154,Lust Stories,hi,hi,2018-06-15,3.0592,6.215,142,2,3,2,18,9,0,0,120,"['Drama', 'Romance']","['RSVP Movies', 'Flying Unicorn Entertainment', 'Tiger Baby']",2.0,False,True,2018,2015,"['Drama', 'Romance']",Drama,,,False,,0.5,0.6,Male,Hindi,,,
118051,Cocktail,hi,hi,2012-07-13,2.9702,6.119,126,2,2,3,9,4,5100000,18000000,146,"['Romance', 'Drama', 'Comedy']","['Raj Film Productions', 'Eros International', 'Illuminati Films Pvt Ltd', 'Prime Focus', 'Cocktale Films', 'T-Series']",2.0,False,True,2012,2010,"['Romance', 'Drama', 'Comedy']",Romance,18000000.0,5100000.0,True,2.5294117647058822,0.4444444444444444,0.4,Male,Hindi,,150.3,42.585
126400,Gangs of Wasseypur - Part 2,hi,hi,2012-08-08,2.9109,7.752,107,2,2,3,21,4,1670000,4900000,160,"['Crime', 'Thriller', 'Action']","['Viacom18 Studios', 'Anurag Kashyap Films', 'Jar Pictures', 'Tipping Point Films']",2.0,False,True,2012,2010,"['Crime', 'Thriller', 'Action']",Crime,4900000.0,1670000.0,True,1.934131736526946,0.1904761904761904,0.4,Male,Hindi,,40.915,13.9445
19625,Munna Bhai M.B.B.S.,hi,hi,2003-12-19,2.5349,7.187,356,2,1,4,21,6,0,0,156,"['Comedy', 'Drama']",['Vidhu Vinod Chopra Productions'],0.0,False,False,2003,2000,"['Comedy', 'Drama']",Comedy,,,False,,0.2857142857142857,0.2,Male,Hindi,,,
19666,Lagaan: Once Upon a Time in India,hi,hi,2001-06-15,2.6118,7.252,638,2,3,2,37,3,5200000,8100000,233,"['Adventure', 'Drama', 'History']","['Aamir Khan Productions', 'Jhamu Sughand Productions', 'Ashutosh Gowariker Productions']",2.0,False,True,2001,2000,"['Adventure', 'Drama', 'History']",Adventure,8100000.0,5200000.0,True,0.5576923076923077,0.081081081081081,0.6,Male,Hindi,,67.635,43.42
348892,Bajrangi Bhaijaan,hi,hi,2015-07-17,3.0197,7.798,545,2,2,3,18,4,13000000,150000000,159,"['Comedy', 'Drama', 'Adventure']","['Rockline Entertainments', 'Kabir Khan Films', 'Salman Khan Films']",2.0,False,True,2015,2015,"['Comedy', 'Drama', 'Adventure']",Comedy,150000000.0,13000000.0,True,10.538461538461538,0.2222222222222222,0.4,Male,Hindi,,969.06,108.55
338065,Dil Dhadakne Do,hi,hi,2015-06-04,2.358,6.867,158,1,3,2,43,8,13000000,22000000,170,"['Drama', 'Family', 'Romance']","['Excel Entertainment', 'Junglee Pictures', 'KanZaman Productions', 'LPT Film', 'Emme Film', 'Condominium Films', 'Jake Production', 'Sindbad Productions', 'Eros International']",3.0,True,True,2015,2015,"['Drama', 'Family', 'Romance']",Drama,22000000.0,13000000.0,True,0.6923076923076923,0.1860465116279069,0.6,Female,Hindi,,183.7,108.55
283589,Bang Bang!,hi,hi,2014-10-02,2.6384,6.204,252,2,1,4,12,2,0,0,153,"['Action', 'Adventure', 'Comedy', 'Romance', 'Thriller']","['Fox Star Studios', 'Benetone Films', 'Fox International Productions India', 'Milk & Honey Pictures']",0.0,False,False,2014,2010,"['Action', 'Adventure', 'Comedy', 'Romance', 'Thriller']",Action,,,False,,0.1666666666666666,0.2,Male,Hindi,,,
491625,Gully Boy,hi,hi,2019-02-14,2.19,7.4,211,1,1,4,17,8,5782853,28299498,156,"['Drama', 'Music']","['Excel Entertainment', 'Tiger Baby']",0.0,False,False,2019,2015,"['Drama', 'Music']",Drama,28299498.0,5782853.0,True,3.893691401112911,0.4705882352941176,0.2,Female,Hindi,,236.3008083,48.28682255
235984,Goliyon Ki Raasleela Ram-Leela,hi,hi,2013-11-14,2.6729,6.973,200,2,3,2,12,5,0,32000000,155,"['Drama', 'Romance']","['Eros International', 'Bhansali Productions']",2.0,False,True,2013,2010,"['Drama', 'Romance']",Drama,32000000.0,,True,,0.4166666666666667,0.6,Male,Hindi,,267.2,
960876,Dunki,hi,hi,2023-12-21,2.5885,6.315,108,2,1,3,136,4,14500000,15000000,159,"['Adventure', 'Comedy', 'Drama']","['Red Chillies Entertainment', 'Rajkumar Hirani Films', 'Jio Studios']",0.0,False,False,2023,2020,"['Adventure', 'Comedy', 'Drama']",Adventure,15000000.0,14500000.0,True,0.0344827586206896,0.0294117647058823,0.2,Male,Hindi,,125.25,121.075
392572,Rustom,hi,hi,2016-08-12,2.3749,6.679,140,2,3,2,14,3,6114349,26309214,148,"['Thriller', 'Drama', 'Crime']","['KriArj Entertainment', 'Zee Studios', 'Hari Om Entertainment']",2.0,False,True,2016,2015,"['Thriller', 'Drama', 'Crime']",Thriller,26309214.0,6114349.0,True,3.302864295119562,0.2142857142857142,0.6,Male,Hindi,,219.6819369,51.05481415
8453,Fanaa,hi,hi,2006-05-26,2.1158,6.776,232,2,3,2,18,8,5300000,22175908,168,"['Action', 'Drama', 'Romance', 'Thriller']",['Yash Raj Films'],2.0,False,True,2006,2005,"['Action', 'Drama', 'Romance', 'Thriller']",Action,22175908.0,5300000.0,True,3.1841335849056605,0.4444444444444444,0.6,Male,Hindi,,185.1688318,44.255
85985,Ek Tha Tiger,hi,hi,2012-08-15,2.6114,6.191,217,2,1,4,36,2,14040000,62690000,133,"['Action', 'Thriller', 'Romance']","['Yash Raj Films', 'Fantastic Films', 'Prime Focus']",0.0,False,False,2012,2010,"['Action', 'Thriller', 'Romance']",Action,62690000.0,14040000.0,True,3.465099715099715,0.0555555555555555,0.2,Male,Hindi,,523.4615,117.234
496328,Sanju,hi,hi,2018-06-29,2.1727,7.2,215,2,2,3,16,7,21918618,67414985,161,['Drama'],"['Rajkumar Hirani Films', 'Vinod Chopra Films', 'Vidhu Vinod Chopra Productions']",2.0,False,True,2018,2015,['Drama'],Drama,67414985.0,21918618.0,True,2.075695055226566,0.4375,0.4,Male,Hindi,,562.91512475,183.0204603
362136,Prem Ratan Dhan Payo,hi,hi,2015-11-11,2.2841,5.285,123,2,2,3,18,5,23400000,67000000,164,"['Romance', 'Drama', 'Action']","['Fox Star Studios', 'Rajshri Productions']",2.0,False,True,2015,2015,"['Romance', 'Drama', 'Action']",Romance,67000000.0,23400000.0,True,1.8632478632478633,0.2777777777777778,0.4,Male,Hindi,,559.45,195.39
388333,M.S. Dhoni: The Untold Story,hi,hi,2016-09-30,2.7354,7.24,202,2,2,3,27,7,0,0,190,['Drama'],"['Fox Star Studios', 'Inspired Entertainments', 'Friday Filmworks']",2.0,False,True,2016,2015,['Drama'],Drama,,,False,,0.2592592592592592,0.4,Male,Hindi,,,
533991,Stree,hi,hi,2018-08-31,2.2778,6.934,190,0,1,4,23,4,2800000,21000000,128,"['Horror', 'Comedy']","['Maddock Films', 'D2R Films']",0.0,False,False,2018,2015,"['Horror', 'Comedy']",Horror,21000000.0,2800000.0,True,6.5,0.1739130434782608,0.2,Unknown,Hindi,,175.35,23.38
4254,Kal Ho Naa Ho,hi,hi,2003-11-27,2.1088,7.458,443,2,3,2,37,17,0,13214520,187,"['Comedy', 'Drama', 'Romance']",['Dharma Productions'],2.0,False,True,2003,2000,"['Comedy', 'Drama', 'Romance']",Comedy,13214520.0,,True,,0.4594594594594595,0.6,Male,Hindi,,110.341242,
14395,Kabhi Alvida Naa Kehna,hi,hi,2006-08-11,2.279,6.437,231,2,2,3,22,7,7400000,17000000,193,"['Drama', 'Romance']",['Dharma Productions'],2.0,False,True,2006,2005,"['Drama', 'Romance']",Drama,17000000.0,7400000.0,True,1.2972972972972974,0.3181818181818182,0.4,Male,Hindi,,141.95,61.79
393445,Ae Dil Hai Mushkil,hi,hi,2016-10-27,2.2263,6.4,217,2,3,2,14,7,0,0,158,"['Romance', 'Drama']","['ADHM Films', 'Fox Star Studios', 'Dharma Productions']",2.0,False,True,2016,2015,"['Romance', 'Drama']",Romance,,,False,,0.5,0.6,Male,Hindi,,,
594669,Baaghi 3,hi,hi,2020-03-06,2.0163,6.3,125,0,2,3,13,3,7952450,18473570,144,"['Action', 'Adventure', 'Thriller']","['Nadiadwala Grandson Entertainment', 'Fox Star Studios']",2.0,False,True,2020,2020,"['Action', 'Adventure', 'Thriller']",Action,18473570.0,7952450.0,True,1.32300360266333,0.2307692307692307,0.4,Unknown,Hindi,,154.2543095,66.4029575
695969,Haseen Dillruba,hi,hi,2021-06-30,2.4179,6.771,118,0,2,3,18,4,0,0,136,"['Romance', 'Mystery', 'Thriller']","['Colour Yellow Productions', 'Eros International', 'T-Series']",2.0,False,True,2021,2020,"['Romance', 'Mystery', 'Thriller']",Romance,,,False,,0.2222222222222222,0.4,Unknown,Hindi,,,
337876,Gabbar Is Back,hi,hi,2015-05-01,2.4305,6.891,138,2,1,4,16,5,11000000,41000000,130,"['Drama', 'Action']","['Viacom18 Studios', 'Bhansali Productions']",0.0,False,False,2015,2015,"['Drama', 'Action']",Drama,41000000.0,11000000.0,True,2.727272727272727,0.3125,0.2,Male,Hindi,,342.35,91.85
581361,Badla,hi,hi,2019-03-08,2.0286,7.266,169,2,2,3,19,4,0,0,120,"['Crime', 'Thriller', 'Mystery', 'Drama']","['Azure Entertainment', 'Red Chillies Entertainment', 'Universal Media']",2.0,False,True,2019,2015,"['Crime', 'Thriller', 'Mystery', 'Drama']",Crime,,,False,,0.2105263157894736,0.4,Male,Hindi,,,
41109,Don 2,hi,hi,2011-12-23,2.2448,6.971,262,2,2,3,20,4,11000000,2900000,139,"['Action', 'Thriller']","['Excel Entertainment', 'Red Chillies Entertainment', 'Landmark Productions', 'Pixion Studio']",2.0,False,True,2011,2010,"['Action', 'Thriller']",Action,2900000.0,11000000.0,True,-0.7363636363636363,0.2,0.4,Male,Hindi,,24.215,91.85
734253,Adipurush,hi,hi,2023-06-16,1.8261,4.604,106,0,1,3,27,4,63000000,54300000,179,"['Action', 'Adventure', 'Fantasy']","['Retrophiles Private Limited', 'T-Series', 'UV Creations', 'RKB Creative (US)']",0.0,False,False,2023,2020,"['Action', 'Adventure', 'Fantasy']",Action,54300000.0,63000000.0,True,-0.1380952380952381,0.1481481481481481,0.2,Unknown,Hindi,,453.405,526.05
19025,Bhool Bhulaiyaa,hi,hi,2007-10-12,1.8978,6.743,204,2,2,3,15,6,3800000,9900000,158,"['Comedy', 'Horror', 'Thriller']",['T-Series'],2.0,False,True,2007,2005,"['Comedy', 'Horror', 'Thriller']",Comedy,9900000.0,3800000.0,True,1.605263157894737,0.4,0.4,Male,Hindi,,82.665,31.73
16345,Billu,hi,hi,2009-02-13,2.1997,6.406,112,2,1,4,27,6,5750000,10000000,137,"['Comedy', 'Drama']","['Red Chillies Entertainment', 'Eros International']",0.0,False,False,2009,2005,"['Comedy', 'Drama']",Comedy,10000000.0,5750000.0,True,0.7391304347826086,0.2222222222222222,0.2,Male,Hindi,,83.5,48.0125
496076,Zero,hi,hi,2018-12-21,1.988,5.18,114,2,2,3,33,15,26000000,0,164,"['Romance', 'Drama', 'Comedy']","['Red Chillies Entertainment', 'Colour Yellow Productions']",2.0,False,True,2018,2015,"['Romance', 'Drama', 'Comedy']",Romance,,26000000.0,False,,0.4545454545454545,0.4,Male,Hindi,,,217.1
280690,Kick,hi,hi,2014-07-25,2.6201,5.7,172,2,1,4,16,4,22000000,55000000,146,"['Action', 'Romance', 'Comedy', 'Crime']","['Nadiadwala Grandson Entertainment', 'UTV Motion Pictures']",0.0,False,False,2014,2010,"['Action', 'Romance', 'Comedy', 'Crime']",Action,55000000.0,22000000.0,True,1.5,0.25,0.2,Male,Hindi,,459.25,183.7
138122,Student Of The Year,hi,hi,2012-10-19,2.3472,5.792,190,2,2,3,22,11,8391922,13749809,146,"['Comedy', 'Drama', 'Romance']","['Dharma Productions', 'Red Chillies Entertainment']",2.0,False,True,2012,2010,"['Comedy', 'Drama', 'Romance']",Comedy,13749809.0,8391922.0,True,0.6384576739392954,0.5,0.4,Male,Hindi,,114.81090515,70.0725487
950071,Jaane Jaan,hi,hi,2023-09-21,2.0525,7.04,113,2,2,3,14,5,0,0,139,"['Crime', 'Thriller', 'Drama']","['Kross Pictures', '12th Street Entertainment', 'Balaji Motion Pictures', 'Northern Lights Films']",2.0,False,True,2023,2020,"['Crime', 'Thriller', 'Drama']",Crime,,,False,,0.3571428571428571,0.4,Male,Hindi,,,
381418,Sanam Teri Kasam,hi,hi,2016-02-05,1.8387,7.854,140,0,1,4,8,1,0,0,154,"['Drama', 'Romance']","['Eros International', 'Soham Rockstar Entertainment']",0.0,False,False,2016,2015,"['Drama', 'Romance']",Drama,,,False,,0.125,0.2,Unknown,Hindi,,,
262903,Main Tera Hero,hi,hi,2014-04-04,1.9146,5.682,195,2,2,3,16,4,0,0,128,"['Romance', 'Comedy']",['Balaji Motion Pictures'],2.0,False,True,2014,2010,"['Romance', 'Comedy']",Romance,,,False,,0.25,0.4,Male,Hindi,,,
132316,Jab Tak Hai Jaan,hi,hi,2012-11-13,1.8054,7.047,288,2,3,2,16,4,6087315,27942181,176,"['Drama', 'Romance']",['Yash Raj Films'],2.0,False,True,2012,2010,"['Drama', 'Romance']",Drama,27942181.0,6087315.0,True,3.5902308324770447,0.25,0.6,Male,Hindi,,233.31721135,50.82908025
714338,Bulbbul,hi,hi,2020-06-24,1.9004,6.592,169,1,2,3,15,3,0,0,94,"['Horror', 'Fantasy', 'Thriller']",['Clean Slate Films'],3.0,True,True,2020,2020,"['Horror', 'Fantasy', 'Thriller']",Horror,,,False,,0.2,0.4,Female,Hindi,,,
464458,Ittefaq,hi,hi,2017-11-03,2.2737,6.828,116,0,2,3,12,3,4400000,7900000,107,"['Crime', 'Thriller']","['Dharma Productions', 'Red Chillies Entertainment', 'B.R. Studios']",2.0,False,True,2017,2015,"['Crime', 'Thriller']",Crime,7900000.0,4400000.0,True,0.7954545454545454,0.25,0.4,Unknown,Hindi,,65.965,36.74
480,Monsoon Wedding,hi,hi,2001-08-30,1.9273,6.793,220,1,3,2,59,8,1200000,30787356,114,"['Comedy', 'Drama', 'Romance']","['IFC Productions', 'Mirabai Films', 'Key Film Productions', 'Pandora Film', 'Paradis Films', 'iDream Productions']",3.0,True,True,2001,2000,"['Comedy', 'Drama', 'Romance']",Comedy,30787356.0,1200000.0,True,24.65613,0.135593220338983,0.6,Female,Hindi,,257.0744226,10.02
534075,Super 30,hi,hi,2019-07-12,2.2697,7.267,129,2,1,4,20,5,0,0,153,['Drama'],"['Phantom Films', 'Nadiadwala Grandson Entertainment', 'Reliance Entertainment', 'HRX Films']",0.0,False,False,2019,2015,['Drama'],Drama,,,False,,0.25,0.2,Male,Hindi,,,
799155,Attack,hi,hi,2022-04-01,1.8016,6.8,216,0,2,2,17,3,9600000,2600000,123,"['Action', 'Science Fiction', 'Thriller']","['JA Entertainment', 'Pen Studios', 'Ajay Kapoor Productions']",2.0,False,True,2022,2020,"['Action', 'Science Fiction', 'Thriller']",Action,2600000.0,9600000.0,True,-0.7291666666666666,0.1764705882352941,0.4,Unknown,Hindi,,21.71,80.16
7913,Rang De Basanti,hi,hi,2006-01-26,1.9031,7.071,501,2,0,5,21,5,2200000,11502151,157,"['Comedy', 'Drama', 'History', 'Romance']","['UTV Motion Pictures', 'Rakeysh Omprakash Mehra Pictures']",0.0,False,False,2006,2005,"['Comedy', 'Drama', 'History', 'Romance']",Comedy,11502151.0,2200000.0,True,4.228250454545455,0.238095238095238,0.0,Male,Hindi,,96.04296085,18.37
191562,Go Goa Gone,hi,hi,2013-05-10,1.9519,5.865,126,2,1,4,18,3,2700000,5400000,111,"['Comedy', 'Horror']","['Eros International', 'Illuminati Films Pvt Ltd']",0.0,False,False,2013,2010,"['Comedy', 'Horror']",Comedy,5400000.0,2700000.0,True,1.0,0.1666666666666666,0.2,Male,Hindi,,45.09,22.545
17478,Dhoom,hi,hi,2004-08-27,1.942,6.233,232,0,2,3,21,4,1500000,12000000,129,"['Action', 'Crime', 'Drama', 'Thriller']","['Yash Raj Films', 'Dhoom Studios']",2.0,False,True,2004,2000,"['Action', 'Crime', 'Drama', 'Thriller']",Action,12000000.0,1500000.0,True,7.0,0.1904761904761904,0.4,Unknown,Hindi,,100.2,12.525
412090,Jolly LLB 2,hi,hi,2017-02-09,1.9297,6.923,156,0,1,4,33,2,4480000,1632440,140,"['Comedy', 'Crime']",['Fox Star Studios'],0.0,False,False,2017,2015,"['Comedy', 'Crime']",Comedy,1632440.0,4480000.0,True,-0.6356160714285715,0.0606060606060606,0.2,Unknown,Hindi,,13.630874,37.408
391629,Baaghi,hi,hi,2016-04-29,2.3847,6.4,144,0,1,4,12,1,5103000,17377000,134,"['Action', 'Thriller', 'Romance', 'Adventure']","['Nadiadwala Grandson Entertainment', 'UTV Motion Pictures', 'Benetone Films']",0.0,False,False,2016,2015,"['Action', 'Thriller', 'Romance', 'Adventure']",Action,17377000.0,5103000.0,True,2.40525181265922,0.0833333333333333,0.2,Unknown,Hindi,,145.09795,42.61005
4435,Aśoka,hi,hi,2001-09-13,1.7732,6.5,161,2,2,3,21,4,17000000,19000000,175,"['Action', 'Adventure', 'Drama', 'History', 'Romance', 'War']",['Red Chillies Entertainment'],2.0,False,True,2001,2000,"['Action', 'Adventure', 'Drama', 'History', 'Romance', 'War']",Action,19000000.0,17000000.0,True,0.1176470588235294,0.1904761904761904,0.4,Male,Hindi,,158.65,141.95
39839,Baghban,hi,hi,2003-10-03,1.9354,6.903,119,2,2,3,27,7,0,4800000,183,['Drama'],['B.R. Films'],2.0,False,True,2003,2000,['Drama'],Drama,4800000.0,,True,,0.2592592592592592,0.4,Male,Hindi,,40.08,
287767,Mardaani,hi,hi,2014-08-22,1.625,6.637,117,2,2,2,19,4,2100000,7600000,113,"['Action', 'Crime', 'Drama', 'Thriller']",['Yash Raj Films'],2.0,False,True,2014,2010,"['Action', 'Crime', 'Drama', 'Thriller']",Action,7600000.0,2100000.0,True,2.619047619047619,0.2105263157894736,0.4,Male,Hindi,,63.46,17.535
14073,Jodhaa Akbar,hi,hi,2008-02-13,1.7448,7.328,279,2,2,3,60,6,5800000,28700000,213,"['Romance', 'History', 'Drama']","['UTV Motion Pictures', 'Ashutosh Gowariker Productions']",2.0,False,True,2008,2005,"['Romance', 'History', 'Drama']",Romance,28700000.0,5800000.0,True,3.9482758620689657,0.1,0.4,Male,Hindi,,239.645,48.43
22717,Wanted,hi,hi,2009-09-18,1.8516,5.866,123,2,1,4,21,3,0,0,155,"['Action', 'Comedy', 'Crime', 'Thriller']","['Sahara One Motion Pictures', 'BSK Network and Entertainment']",0.0,False,False,2009,2005,"['Action', 'Comedy', 'Crime', 'Thriller']",Action,,,False,,0.1428571428571428,0.2,Male,Hindi,,,
597089,Article 15,hi,hi,2019-05-28,1.6902,7.561,172,2,2,3,16,4,0,0,130,"['Crime', 'Drama', 'Thriller']","['Benaras Media Works', 'Zee Studios']",2.0,False,True,2019,2015,"['Crime', 'Drama', 'Thriller']",Crime,,,False,,0.25,0.4,Male,Hindi,,,
15774,Swades,hi,hi,2004-12-17,1.5393,7.319,375,2,2,3,26,2,2900000,4800000,195,['Drama'],"['Ashutosh Gowariker Productions', 'UTV Motion Pictures', 'Dillywood']",2.0,False,True,2004,2000,['Drama'],Drama,4800000.0,2900000.0,True,0.6551724137931034,0.0769230769230769,0.4,Male,Hindi,,40.08,24.215
215776,Madras Cafe,hi,hi,2013-08-23,1.6805,6.615,126,2,2,2,15,5,5400000,6500000,130,"['Thriller', 'Drama', 'Action']","['JA Entertainment', 'Rising Sun Films']",2.0,False,True,2013,2010,"['Thriller', 'Drama', 'Action']",Thriller,6500000.0,5400000.0,True,0.2037037037037037,0.3333333333333333,0.4,Male,Hindi,,54.275,45.09
191121,Raanjhanaa,hi,hi,2013-06-21,1.79,6.623,163,2,2,3,15,3,6400000,1171761,140,"['Drama', 'Romance']","['Eros International', 'Colour Yellow Productions']",2.0,False,True,2013,2010,"['Drama', 'Romance']",Drama,1171761.0,6400000.0,True,-0.81691234375,0.2,0.4,Male,Hindi,,9.78420435,53.44
21614,Hera Pheri,hi,hi,2000-03-31,1.582,7.073,302,2,1,4,21,4,1666000,4755000,156,"['Comedy', 'Crime']",['A.G. Films'],0.0,False,False,2000,2000,"['Comedy', 'Crime']",Comedy,4755000.0,1666000.0,True,1.8541416566626652,0.1904761904761904,0.2,Male,Hindi,,39.70425,13.9111
84858,Agneepath,hi,hi,2012-01-25,1.4714,6.3,166,0,2,3,21,4,8700000,28000000,174,"['Action', 'Crime', 'Drama']",['Dharma Productions'],2.0,False,True,2012,2010,"['Action', 'Crime', 'Drama']",Action,28000000.0,8700000.0,True,2.218390804597701,0.1904761904761904,0.4,Unknown,Hindi,,233.8,72.645
276935,Ek Villain,hi,hi,2014-06-27,1.7132,6.524,171,2,2,3,14,6,0,1278108,129,"['Romance', 'Action', 'Crime', 'Thriller']",['Balaji Motion Pictures'],2.0,False,True,2014,2010,"['Romance', 'Action', 'Crime', 'Thriller']",Romance,1278108.0,,True,,0.4285714285714285,0.4,Male,Hindi,,10.6722018,
19637,Chup Chup Ke,hi,hi,2006-06-09,1.673,6.229,109,2,2,3,13,4,0,3912699,165,['Comedy'],['UTV Motion Pictures'],2.0,False,True,2006,2005,['Comedy'],Comedy,3912699.0,,True,,0.3076923076923077,0.4,Male,Hindi,,32.67103665,
79990,Desi Boyz,hi,hi,2011-11-25,1.7513,6.275,111,2,2,3,17,5,0,0,122,"['Comedy', 'Drama']","['Eros International', 'Next Gen Films']",2.0,False,True,2011,2010,"['Comedy', 'Drama']",Comedy,,,False,,0.2941176470588235,0.4,Male,Hindi,,,
15772,Guru,hi,hi,2007-01-12,2.2007,6.9,138,2,2,3,21,5,4700000,31000000,166,"['Drama', 'Romance']",['Madras Talkies'],2.0,False,True,2007,2005,"['Drama', 'Romance']",Drama,31000000.0,4700000.0,True,5.595744680851064,0.238095238095238,0.4,Male,Hindi,,258.85,39.245
204435,Krrish 3,hi,hi,2013-11-01,2.0409,5.672,198,2,2,3,18,3,20000000,84000000,152,"['Action', 'Science Fiction']",['Film Kraft'],2.0,False,True,2013,2010,"['Action', 'Science Fiction']",Action,84000000.0,20000000.0,True,3.2,0.1666666666666666,0.4,Male,Hindi,,701.4,167.0
118628,English Vinglish,hi,hi,2012-09-21,1.4567,7.232,293,1,3,2,18,6,2840000,11620000,134,"['Comedy', 'Drama', 'Family']","[""Lola's Productions"", 'Eros International', 'Curbside Films', 'Hope Productions']",3.0,True,True,2012,2010,"['Comedy', 'Drama', 'Family']",Comedy,11620000.0,2840000.0,True,3.091549295774648,0.3333333333333333,0.6,Female,Hindi,,97.027,23.714
413543,Dear Zindagi,hi,hi,2016-11-23,1.6276,7.002,256,1,1,4,22,4,4300000,3376375,151,"['Drama', 'Romance']","['Red Chillies Entertainment', 'Dharma Productions', 'Hope Productions']",0.0,False,False,2016,2015,"['Drama', 'Romance']",Drama,3376375.0,4300000.0,True,-0.2147965116279069,0.1818181818181818,0.2,Female,Hindi,,28.19273125,35.905
413646,Badrinath Ki Dulhania,hi,hi,2017-03-10,1.6753,6.441,143,2,3,2,17,5,0,26134309,139,"['Drama', 'Comedy', 'Romance']","['Dharma Productions', 'AR Film Studio']",2.0,False,True,2017,2015,"['Drama', 'Comedy', 'Romance']",Drama,26134309.0,,True,,0.2941176470588235,0.6,Male,Hindi,,218.22148015,
518497,Sir,hi,hi,2018-09-20,1.3564,7.086,110,1,3,1,12,6,0,0,99,"['Drama', 'Romance']","['Inkpot Films Private Limited', 'Ciné-Sud Promotion']",3.0,True,True,2018,2015,"['Drama', 'Romance']",Drama,,,False,,0.5,0.6,Female,Hindi,,,
20294,Welcome,hi,hi,2007-12-21,1.6349,6.877,175,2,1,4,20,4,0,36500000,150,"['Comedy', 'Crime', 'Family']","['A.G. Films', 'The Indian Film Company', 'UTV Motion Pictures', 'Prime Focus', 'Base Industries Group']",0.0,False,False,2007,2005,"['Comedy', 'Crime', 'Family']",Comedy,36500000.0,,True,,0.2,0.2,Male,Hindi,,304.775,
491629,Raazi,hi,hi,2018-05-10,1.5396,7.201,189,1,1,4,63,4,4500000,23800000,138,"['Thriller', 'Drama', 'History']","['Dharma Productions', 'Junglee Pictures']",0.0,False,False,2018,2015,"['Thriller', 'Drama', 'History']",Thriller,23800000.0,4500000.0,True,4.288888888888889,0.0634920634920634,0.2,Female,Hindi,,198.73,37.575
21175,Lakshya,hi,hi,2004-06-18,1.6088,6.7,117,2,1,4,23,2,4500000,4600000,186,"['War', 'Action', 'Drama', 'Romance']","['Excel Entertainment', 'UTV Motion Pictures']",0.0,False,False,2004,2000,"['War', 'Action', 'Drama', 'Romance']",War,4600000.0,4500000.0,True,0.0222222222222222,0.0869565217391304,0.2,Male,Hindi,,38.41,37.575
1018228,Chor Nikal Ke Bhaga,hi,hi,2023-03-24,1.83,6.869,141,0,1,4,24,1,0,0,110,"['Crime', 'Thriller']",['Maddock Films'],0.0,False,False,2023,2020,"['Crime', 'Thriller']",Crime,,,False,,0.0416666666666666,0.2,Unknown,Hindi,,,
165904,Special 26,hi,hi,2013-02-07,1.5786,7.309,222,2,1,4,24,4,7100000,18000000,144,"['Crime', 'Drama', 'Thriller']",['Friday Filmworks'],0.0,False,False,2013,2010,"['Crime', 'Drama', 'Thriller']",Crime,18000000.0,7100000.0,True,1.5352112676056338,0.1666666666666666,0.2,Male,Hindi,,150.3,59.285
393562,Raman Raghav 2.0,hi,hi,2016-06-24,1.7099,7.015,133,2,2,3,14,3,521873,1013926,134,"['Thriller', 'Crime']",['Phantom Films'],2.0,False,True,2016,2015,"['Thriller', 'Crime']",Thriller,1013926.0,521873.0,True,0.942859661258582,0.2142857142857142,0.4,Male,Hindi,,8.4662821,4.35763955
147405,Dabangg 2,hi,hi,2012-12-21,1.7329,5.0,119,2,1,4,19,6,13650000,0,125,"['Action', 'Comedy', 'Crime']","['Arbaaz Khan Productions', 'Shree Ashtavinayak Cine Vision']",0.0,False,False,2012,2010,"['Action', 'Comedy', 'Crime']",Action,,13650000.0,False,,0.3157894736842105,0.2,Male,Hindi,,,113.9775
20359,Phir Hera Pheri,hi,hi,2006-06-09,1.6632,6.884,146,2,2,3,27,5,4000000,15360000,155,['Comedy'],"['Base Industries Group', 'A.G. Films']",2.0,False,True,2006,2005,['Comedy'],Comedy,15360000.0,4000000.0,True,2.84,0.1851851851851851,0.4,Male,Hindi,,128.256,33.4
611748,Housefull 4,hi,hi,2019-10-25,1.7605,5.598,102,2,2,3,17,4,18000000,35000000,142,"['Comedy', 'Drama', 'Romance']","['Fox Star Studios', 'Nadiadwala Grandson Entertainment']",2.0,False,True,2019,2015,"['Comedy', 'Drama', 'Romance']",Comedy,35000000.0,18000000.0,True,0.9444444444444444,0.2352941176470588,0.4,Male,Hindi,,292.25,150.3
20495,Mujhse Shaadi Karogi,hi,hi,2004-07-30,1.5263,6.508,127,2,2,3,18,5,0,0,163,"['Romance', 'Comedy']",['Nadiadwala Grandson Entertainment'],2.0,False,True,2004,2000,"['Romance', 'Comedy']",Romance,,,False,,0.2777777777777778,0.4,Male,Hindi,,,
127501,Barfi!,hi,hi,2012-09-13,1.8885,7.61,368,2,2,3,26,6,4437508,2804874,151,"['Drama', 'Romance', 'Comedy']","['Ishana Movies', 'UTV Motion Pictures']",2.0,False,True,2012,2010,"['Drama', 'Romance', 'Comedy']",Drama,2804874.0,4437508.0,True,-0.3679168578400309,0.2307692307692307,0.4,Male,Hindi,,23.4206979,37.0531918
16987,Kaho Naa... Pyaar Hai,hi,hi,2000-01-14,1.3443,6.712,151,2,1,4,17,4,0,0,172,"['Romance', 'Drama', 'Action', 'Comedy']",['Film Kraft'],0.0,False,False,2000,2000,"['Romance', 'Drama', 'Action', 'Comedy']",Romance,,,False,,0.2352941176470588,0.2,Male,Hindi,,,
25516,Koi... Mil Gaya,hi,hi,2003-08-08,1.7305,7.014,255,2,2,2,22,5,3750000,10000000,165,"['Science Fiction', 'Action', 'Adventure']","['Film Kraft', 'Yash Raj Films']",2.0,False,True,2003,2000,"['Science Fiction', 'Action', 'Adventure']",Science Fiction,10000000.0,3750000.0,True,1.6666666666666667,0.2272727272727272,0.4,Male,Hindi,,83.5,31.3125
21297,Wake Up Sid,hi,hi,2009-10-02,1.573,7.235,181,2,2,3,10,6,3000000,11000000,138,"['Comedy', 'Drama', 'Romance']",['Dharma Productions'],2.0,False,True,2009,2005,"['Comedy', 'Drama', 'Romance']",Comedy,11000000.0,3000000.0,True,2.6666666666666665,0.6,0.4,Male,Hindi,,91.85,25.05
73582,Bodyguard,hi,hi,2011-08-31,1.8316,5.226,159,2,2,3,16,6,0,0,134,"['Drama', 'Action', 'Romance']","['Reel Life Productions', 'Reliance Entertainment', 'Funky Buddha Productions']",2.0,False,True,2011,2010,"['Drama', 'Action', 'Romance']",Drama,,,False,,0.375,0.4,Male,Hindi,,,
15974,Bhoothnath,hi,hi,2008-05-09,1.6079,6.217,122,2,1,4,24,6,0,0,151,"['Family', 'Comedy']",['BR Films International'],0.0,False,False,2008,2005,"['Family', 'Comedy']",Family,,,False,,0.25,0.2,Male,Hindi,,,
456565,Judwaa 2,hi,hi,2017-09-29,1.5509,5.4,114,2,3,2,20,3,10000000,34500000,150,"['Action', 'Comedy', 'Romance']","['Fox Star Studios', 'Nadiadwala Grandson Entertainment']",2.0,False,True,2017,2015,"['Action', 'Comedy', 'Romance']",Action,34500000.0,10000000.0,True,2.45,0.15,0.6,Male,Hindi,,288.075,83.5
58051,Housefull,hi,hi,2010-04-30,1.4067,5.746,142,2,2,3,17,8,3500000,15000000,135,"['Comedy', 'Romance']",['Nadiadwala Grandson Entertainment'],2.0,False,True,2010,2010,"['Comedy', 'Romance']",Comedy,15000000.0,3500000.0,True,3.2857142857142856,0.4705882352941176,0.4,Male,Hindi,,125.25,29.225
280795,Haider,hi,hi,2014-10-02,1.4139,7.2,249,2,2,2,17,2,7000000,11500000,150,"['Crime', 'Drama']","['Vishal Bhardwaj Pictures', 'UTV Motion Pictures']",2.0,False,True,2014,2010,"['Crime', 'Drama']",Crime,11500000.0,7000000.0,True,0.6428571428571429,0.1176470588235294,0.4,Male,Hindi,,96.025,58.45
339274,Tamasha,hi,hi,2015-11-27,1.6425,6.9,169,2,1,4,18,4,0,0,139,"['Romance', 'Drama', 'Comedy']","['Window Seat Films', 'UTV Motion Pictures', 'Nadiadwala Grandson Entertainment']",0.0,False,False,2015,2015,"['Romance', 'Drama', 'Comedy']",Romance,,,False,,0.2222222222222222,0.2,Male,Hindi,,,
250551,Gunday,hi,hi,2014-02-14,1.7074,4.881,113,2,1,4,16,1,0,0,152,"['Action', 'Crime', 'Drama']",['Yash Raj Films'],0.0,False,False,2014,2010,"['Action', 'Crime', 'Drama']",Action,,,False,,0.0625,0.2,Male,Hindi,,,
4252,Chalte Chalte,hi,hi,2003-06-12,1.3697,6.3,103,2,2,2,13,4,4600000,18000000,175,"['Comedy', 'Drama', 'Romance']","['Dreamz Unlimited', 'United Motion Pictures']",2.0,False,True,2003,2000,"['Comedy', 'Drama', 'Romance']",Comedy,18000000.0,4600000.0,True,2.9130434782608696,0.3076923076923077,0.4,Male,Hindi,,150.3,38.41
1163194,Lost Ladies,hi,hi,2024-03-01,1.375,7.811,151,1,3,2,40,4,0,330000000,123,"['Comedy', 'Drama', 'Romance']","['Aamir Khan Productions', 'Jio Studios', 'Kindling Pictures']",3.0,True,True,2024,2020,"['Comedy', 'Drama', 'Romance']",Comedy,3000000.0,,True,,0.1,0.6,Female,Hindi,3.0,25.26,
547654,Badhaai Ho,hi,hi,2018-10-19,1.1839,7.196,171,0,3,2,10,6,4000000,39000000,125,"['Comedy', 'Romance', 'Drama']","['Junglee Pictures', 'Chrome Pictures']",2.0,False,True,2018,2015,"['Comedy', 'Romance', 'Drama']",Comedy,39000000.0,4000000.0,True,8.75,0.6,0.6,Unknown,Hindi,,325.65,33.4
447856,Pad Man,hi,hi,2018-02-09,1.276,7.439,238,2,3,1,11,5,10000000,23000000,140,"['Comedy', 'Drama']","['Hari Om Entertainment', 'Columbia Pictures', 'Sony Pictures Films India', 'Sony Pictures International Productions', 'CP Film Production Asia', 'Hope Productions']",2.0,False,True,2018,2015,"['Comedy', 'Drama']",Comedy,23000000.0,10000000.0,True,1.3,0.4545454545454545,0.6,Male,Hindi,,192.05,83.5
658412,Ludo,hi,hi,2020-11-12,1.2924,7.164,125,2,1,3,22,4,0,0,150,"['Crime', 'Comedy']","['T-Series', 'Anurag Basu Productions', 'Zeal Z Entertainment Services']",0.0,False,False,2020,2020,"['Crime', 'Comedy']",Crime,,,False,,0.1818181818181818,0.2,Male,Hindi,,,
86004,Talaash,hi,hi,2012-11-30,1.3275,6.766,246,1,2,3,22,9,8510000,0,149,"['Crime', 'Drama', 'Thriller']","['Aamir Khan Productions', 'Excel Entertainment']",3.0,True,True,2012,2010,"['Crime', 'Drama', 'Thriller']",Crime,,8510000.0,False,,0.4090909090909091,0.4,Female,Hindi,,,71.0585
353464,Talvar,hi,hi,2015-10-02,1.4873,7.482,191,1,1,4,13,3,0,0,132,"['Thriller', 'Drama', 'Mystery']","['Vishal Bhardwaj Pictures', 'Jar Pictures', 'Junglee Pictures']",0.0,False,False,2015,2015,"['Thriller', 'Drama', 'Mystery']",Thriller,,,False,,0.2307692307692307,0.2,Female,Hindi,,,
102632,Rowdy Rathore,hi,hi,2012-06-01,1.2359,5.932,110,2,1,4,22,6,6700000,31000000,143,"['Action', 'Comedy', 'Crime']",['Bhansali Productions'],0.0,False,False,2012,2010,"['Action', 'Comedy', 'Crime']",Action,31000000.0,6700000.0,True,3.626865671641791,0.2727272727272727,0.2,Male,Hindi,,258.85,55.945
24827,Ajab Prem Ki Ghazab Kahani,hi,hi,2009-11-06,1.4461,6.211,154,2,1,4,15,4,0,26000000,150,"['Romance', 'Comedy', 'Action']",['Tips Industries'],0.0,False,False,2009,2005,"['Romance', 'Comedy', 'Action']",Romance,26000000.0,,True,,0.2666666666666666,0.2,Male,Hindi,,217.1,
323517,Badlapur,hi,hi,2015-02-20,1.4527,7.0,148,2,3,2,12,6,3700000,11480000,134,"['Crime', 'Thriller', 'Action', 'Drama']","['Maddock Films', 'Eros International']",2.0,False,True,2015,2015,"['Crime', 'Thriller', 'Action', 'Drama']",Crime,11480000.0,3700000.0,True,2.1027027027027025,0.5,0.6,Male,Hindi,,95.858,30.895
915831,"Monica, O My Darling",hi,hi,2022-11-11,1.394,6.962,104,2,2,3,16,5,0,0,129,"['Crime', 'Comedy', 'Drama', 'Mystery', 'Thriller']",['Matchbox Shots'],2.0,False,True,2022,2020,"['Crime', 'Comedy', 'Drama', 'Mystery', 'Thriller']",Crime,,,False,,0.3125,0.4,Male,Hindi,,,
645484,Dil Bechara,hi,hi,2020-07-24,1.503,6.701,117,2,2,3,11,4,3025,0,101,"['Drama', 'Romance']",['Fox Star Studios'],2.0,False,True,2020,2020,"['Drama', 'Romance']",Drama,,3025.0,False,,0.3636363636363636,0.4,Male,Hindi,,,0.02525875
441906,Jab Harry Met Sejal,hi,hi,2017-08-04,1.6929,6.379,206,2,2,2,12,3,16600000,15360368,144,"['Comedy', 'Drama', 'Romance']","['Red Chillies Entertainment', 'Window Seat Films', 'New Amsterdam Film Company']",2.0,False,True,2017,2015,"['Comedy', 'Drama', 'Romance']",Comedy,15360368.0,16600000.0,True,-0.0746766265060241,0.25,0.4,Male,Hindi,,128.2590728,138.61
44425,Dabangg,hi,hi,2010-09-10,1.3265,5.8,179,2,1,4,17,4,9370000,0,130,"['Action', 'Comedy', 'Crime']","['Arbaaz Khan Productions', 'Shree Ashtavinayak Cine Vision']",0.0,False,False,2010,2010,"['Action', 'Comedy', 'Crime']",Action,,9370000.0,False,,0.2352941176470588,0.2,Male,Hindi,,,78.2395
44749,Race 2,hi,hi,2013-01-25,1.1886,5.43,122,2,2,3,11,4,17,0,150,"['Action', 'Thriller']","['UTV Motion Pictures', 'Tips Industries', 'Illuminati Films Pvt Ltd']",2.0,False,True,2013,2010,"['Action', 'Thriller']",Action,,17.0,False,,0.3636363636363636,0.4,Male,Hindi,,,0.00014195
276928,Humpty Sharma Ki Dulhania,hi,hi,2014-07-11,1.4109,6.4,118,2,1,3,8,2,0,0,133,"['Drama', 'Comedy', 'Romance']",['Dharma Productions'],0.0,False,False,2014,2010,"['Drama', 'Comedy', 'Romance']",Drama,,,False,,0.25,0.2,Male,Hindi,,,
14752,Dil Chahta Hai,hi,hi,2001-07-24,1.2901,6.853,334,2,2,3,26,7,2079000,4099000,183,"['Drama', 'Romance']",['Excel Entertainment'],2.0,False,True,2001,2000,"['Drama', 'Romance']",Drama,4099000.0,2079000.0,True,0.9716209716209716,0.2692307692307692,0.4,Male,Hindi,,34.22665,17.35965
33457,Nayak: The Real Hero,hi,hi,2001-09-07,1.1377,7.099,111,2,1,4,22,4,0,0,187,"['Drama', 'Thriller', 'Action']",['Sri Surya Films'],0.0,False,False,2001,2000,"['Drama', 'Thriller', 'Action']",Drama,,,False,,0.1818181818181818,0.2,Male,Hindi,,,
11807,Jab We Met,hi,hi,2007-10-26,1.2935,7.313,319,2,1,4,18,4,2300000,10065630,138,"['Drama', 'Comedy', 'Romance']",['Shree Ashtavinayak Cine Vision'],0.0,False,False,2007,2005,"['Drama', 'Comedy', 'Romance']",Drama,10065630.0,2300000.0,True,3.376360869565217,0.2222222222222222,0.2,Male,Hindi,,84.0480105,19.205
682401,Ek Villain Returns,hi,hi,2022-07-29,1.2454,6.0,133,2,2,3,21,3,0,0,127,"['Action', 'Crime', 'Thriller']","['Balaji Telefilms', 'T-Series']",2.0,False,True,2022,2020,"['Action', 'Crime', 'Thriller']",Action,,,False,,0.1428571428571428,0.4,Male,Hindi,,,
37737,Kites,hi,hi,2010-05-21,1.4258,7.2,221,2,2,3,20,5,0,0,123,"['Drama', 'Action', 'Romance']","['Bollywood Hollywood Production', 'Reliance Entertainment', 'Film Kraft', 'Bollywood Hollywood Production']",2.0,False,True,2010,2010,"['Drama', 'Action', 'Romance']",Drama,,,False,,0.25,0.4,Male,Hindi,,,
336203,Masaan,hi,hi,2015-07-24,1.3108,7.103,203,2,2,3,9,2,0,0,109,['Drama'],"['Sikhya Entertainment', 'Drishyam Films', 'Phantom Films', 'Macassar Productions', 'ARTE France Cinéma']",2.0,False,True,2015,2015,['Drama'],Drama,,,False,,0.2222222222222222,0.4,Male,Hindi,,,
560964,Junglee,hi,hi,2019-03-29,1.0603,6.8,107,2,2,3,12,2,0,0,115,"['Action', 'Adventure']",['Junglee Pictures'],2.0,False,True,2019,2015,"['Action', 'Adventure']",Action,,,False,,0.1666666666666666,0.4,Male,Hindi,,,
498448,Kesari,hi,hi,2019-03-21,1.327,7.075,120,0,1,3,38,2,0,0,151,"['Action', 'Drama', 'History', 'War']","['Dharma Productions', 'Azure Entertainment', 'Zee Studios', 'Cape of Good Films']",0.0,False,False,2019,2015,"['Action', 'Drama', 'History', 'War']",Action,,,False,,0.0526315789473684,0.2,Unknown,Hindi,,,
767377,Dhamaka,hi,hi,2021-11-19,1.0729,6.791,103,2,2,3,13,2,0,0,104,"['Thriller', 'Drama', 'Crime']","['RSVP Movies', 'Ram Madhvani Films', 'Globalgate Entertainment', 'Lotte Entertainment', 'Lotte Cultureworks']",2.0,False,True,2021,2020,"['Thriller', 'Drama', 'Crime']",Thriller,,,False,,0.1538461538461538,0.4,Male,Hindi,,,
135718,OMG: Oh My God!,hi,hi,2012-09-28,1.3465,7.244,289,0,0,5,24,3,2500000,19000000,125,"['Comedy', 'Drama']",['Hari Om Entertainment'],0.0,False,False,2012,2010,"['Comedy', 'Drama']",Comedy,19000000.0,2500000.0,True,6.6,0.125,0.0,Unknown,Hindi,,158.65,20.875
65946,Ready,hi,hi,2011-06-03,1.1444,5.054,101,2,1,4,28,6,5800000,27000000,140,"['Action', 'Comedy']",['Sohail Khan Production'],0.0,False,False,2011,2010,"['Action', 'Comedy']",Action,27000000.0,5800000.0,True,3.655172413793104,0.2142857142857142,0.2,Male,Hindi,,225.45,48.43
325138,Dum Laga Ke Haisha,hi,hi,2015-02-27,1.4327,7.191,139,0,3,2,10,4,0,0,111,"['Comedy', 'Drama', 'Romance']",['Yash Raj Films'],2.0,False,True,2015,2015,"['Comedy', 'Drama', 'Romance']",Comedy,,,False,,0.4,0.6,Unknown,Hindi,,,
20413,Dhamaal,hi,hi,2007-09-07,1.3936,6.7,131,2,0,5,30,1,0,0,135,"['Comedy', 'Adventure']",['Maruti International'],0.0,False,False,2007,2005,"['Comedy', 'Adventure']",Comedy,,,False,,0.0333333333333333,0.0,Male,Hindi,,,
251626,Hasee Toh Phasee,hi,hi,2014-02-07,1.269,6.566,114,0,2,3,16,4,0,0,141,"['Comedy', 'Romance']","['Phantom Films', 'Dharma Productions']",2.0,False,True,2014,2010,"['Comedy', 'Romance']",Comedy,,,False,,0.25,0.4,Unknown,Hindi,,,
404604,Mom,hi,hi,2017-07-07,1.2654,7.542,215,2,2,3,14,5,0,0,147,"['Crime', 'Drama', 'Thriller']","['Third Eye Pictures', 'Mad Films']",2.0,False,True,2017,2015,"['Crime', 'Drama', 'Thriller']",Crime,,,False,,0.3571428571428571,0.4,Male,Hindi,,,
46040,Tees Maar Khan,hi,hi,2010-12-24,1.1263,3.692,112,1,1,4,24,4,0,0,137,"['Comedy', 'Crime']","['UTV Motion Pictures', 'Hari Om Entertainment']",0.0,False,False,2010,2010,"['Comedy', 'Crime']",Comedy,,,False,,0.1666666666666666,0.2,Female,Hindi,,,
314389,Baby,hi,hi,2015-01-23,1.2438,6.816,190,2,0,5,66,3,0,0,160,"['Action', 'Thriller']","['T-Series', 'Cape of Good Films', 'Crouching Tiger Motion Pictures', 'Friday Filmworks']",0.0,False,False,2015,2015,"['Action', 'Thriller']",Action,,,False,,0.0454545454545454,0.0,Male,Hindi,,,
377985,Fan,hi,hi,2016-04-14,1.1438,6.282,268,2,3,2,27,7,12750000,28000000,138,"['Action', 'Adventure', 'Thriller']","['Red Chillies Entertainment', 'Yash Raj Films', 'Prime Focus']",2.0,False,True,2016,2015,"['Action', 'Adventure', 'Thriller']",Action,28000000.0,12750000.0,True,1.196078431372549,0.2592592592592592,0.6,Male,Hindi,,233.8,106.4625
12273,Singh Is Kinng,hi,hi,2008-08-08,0.8573,5.668,110,2,2,3,15,3,14000000,25000000,135,"['Action', 'Comedy']","['Reliance Entertainment', 'Hari Om Entertainment']",2.0,False,True,2008,2005,"['Action', 'Comedy']",Action,25000000.0,14000000.0,True,0.7857142857142857,0.2,0.4,Male,Hindi,,208.75,116.9
19636,Garam Masala,hi,hi,2005-11-03,1.2085,6.0,101,2,2,3,13,5,0,0,142,['Comedy'],['Venus Records & Tapes'],2.0,False,True,2005,2005,['Comedy'],Comedy,,,False,,0.3846153846153846,0.4,Male,Hindi,,,
21461,Lage Raho Munna Bhai,hi,hi,2006-09-01,1.0664,7.3,228,2,1,4,23,4,1800000,31517561,144,"['Comedy', 'Drama', 'Romance']",['Vidhu Vinod Chopra Productions'],0.0,False,False,2006,2005,"['Comedy', 'Drama', 'Romance']",Comedy,31517561.0,1800000.0,True,16.509756111111113,0.1739130434782608,0.2,Male,Hindi,,263.17163435,15.03
403867,Kaabil,hi,hi,2017-01-25,1.0848,6.908,147,2,1,3,11,2,5200000,0,139,"['Action', 'Thriller', 'Drama']",['Film Kraft'],0.0,False,False,2017,2015,"['Action', 'Thriller', 'Drama']",Action,,5200000.0,False,,0.1818181818181818,0.2,Male,Hindi,,,43.42
415358,Pink,hi,hi,2016-09-16,1.2187,7.367,241,2,3,2,13,5,75000000,15020702,136,"['Drama', 'Thriller']","['Saraswati Entertainment Creations Limited', 'Rising Sun Films']",2.0,False,True,2016,2015,"['Drama', 'Thriller']",Drama,15020702.0,75000000.0,True,-0.7997239733333333,0.3846153846153846,0.6,Male,Hindi,,125.4228617,626.25
398535,Udta Punjab,hi,hi,2016-06-17,1.0337,7.23,163,2,2,3,14,2,5980000,14900000,148,"['Crime', 'Drama']","['Balaji Motion Pictures', 'Phantom Films', 'Cult Movies']",2.0,False,True,2016,2015,"['Crime', 'Drama']",Crime,14900000.0,5980000.0,True,1.491638795986622,0.1428571428571428,0.4,Male,Hindi,,124.415,49.933
472138,Thugs of Hindostan,hi,hi,2018-11-07,1.2131,5.536,124,0,2,3,22,3,31000000,3136000,164,"['Adventure', 'Action']","['Yash Raj Films', 'Latina Pictures', 'Benetone Films', 'Prime Focus']",2.0,False,True,2018,2015,"['Adventure', 'Action']",Adventure,3136000.0,31000000.0,True,-0.8988387096774193,0.1363636363636363,0.4,Unknown,Hindi,,26.1856,258.85
27298,Partner,hi,hi,2007-07-20,1.2198,5.525,119,2,2,3,18,5,0,20000000,143,"['Comedy', 'Romance']","['Eros International', 'Sohail Khan Production']",2.0,False,True,2007,2005,"['Comedy', 'Romance']",Comedy,20000000.0,,True,,0.2777777777777778,0.4,Male,Hindi,,167.0,
70590,Singham,hi,hi,2011-07-22,1.1568,6.533,181,2,1,4,14,2,4800000,30000000,143,"['Drama', 'Action', 'Crime']",['Reliance Entertainment'],0.0,False,False,2011,2010,"['Drama', 'Action', 'Crime']",Drama,30000000.0,4800000.0,True,5.25,0.1428571428571428,0.2,Male,Hindi,,250.5,40.08
4157,Heyy Babyy,hi,hi,2007-08-24,1.082,5.884,116,2,1,4,23,12,9400000,2200000,150,"['Comedy', 'Drama', 'Romance']",['Nadiadwala Grandson Entertainment'],0.0,False,False,2007,2005,"['Comedy', 'Drama', 'Romance']",Comedy,2200000.0,9400000.0,True,-0.7659574468085106,0.5217391304347826,0.2,Male,Hindi,,18.37,78.49
52696,Band Baaja Baaraat,hi,hi,2010-12-10,1.0616,6.7,142,2,1,3,30,2,3300000,7400000,139,"['Comedy', 'Drama', 'Romance']",['Yash Raj Films'],0.0,False,False,2010,2010,"['Comedy', 'Drama', 'Romance']",Comedy,7400000.0,3300000.0,True,1.2424242424242424,0.0666666666666666,0.2,Male,Hindi,,61.79,27.555
82825,Kahaani,hi,hi,2012-03-08,1.1298,7.182,344,2,1,4,19,3,1200000,16000000,122,"['Mystery', 'Thriller']","['Viacom18 Studios', 'Pen Studios', 'Bound Script Production']",0.0,False,False,2012,2010,"['Mystery', 'Thriller']",Mystery,16000000.0,1200000.0,True,12.333333333333334,0.1578947368421052,0.2,Male,Hindi,,133.6,10.02
67109,Delhi Belly,hi,hi,2011-07-01,1.4091,7.078,212,2,2,3,65,3,4090000,18035000,102,"['Action', 'Comedy']","['UTV Motion Pictures', 'Aamir Khan Productions']",2.0,False,True,2011,2010,"['Action', 'Comedy']",Action,18035000.0,4090000.0,True,3.4095354523227384,0.0461538461538461,0.4,Male,Hindi,,150.59225,34.1515
4253,Hum Tum,hi,hi,2004-05-28,0.9573,6.435,123,2,3,2,10,5,0,1878702,142,"['Romance', 'Family', 'Comedy', 'Drama']",['Yash Raj Films'],2.0,False,True,2004,2000,"['Romance', 'Family', 'Comedy', 'Drama']",Romance,1878702.0,,True,,0.5,0.6,Male,Hindi,,15.6871617,
19658,Race,hi,hi,2008-03-20,1.1294,6.109,133,2,2,3,11,4,0,0,161,"['Drama', 'Action', 'Thriller', 'Crime']","['UTV Motion Pictures', 'Tips Industries', 'Films & Casting TEMPLE']",2.0,False,True,2008,2005,"['Drama', 'Action', 'Thriller', 'Crime']",Drama,,,False,,0.3636363636363636,0.4,Male,Hindi,,,
103243,Vicky Donor,hi,hi,2012-04-20,0.9673,6.77,191,2,2,2,10,4,700000,0,122,"['Comedy', 'Romance']","['Eros International', 'JA Entertainment']",2.0,False,True,2012,2010,"['Comedy', 'Romance']",Comedy,,700000.0,False,,0.4,0.4,Male,Hindi,,,5.845
374173,Kapoor & Sons,hi,hi,2016-03-18,1.0602,7.048,199,2,2,3,24,3,3577143,17412627,137,"['Drama', 'Romance', 'Comedy', 'Family']","['Fox Star Studios', 'Dharma Productions']",2.0,False,True,2016,2015,"['Drama', 'Romance', 'Comedy', 'Family']",Drama,17412627.0,3577143.0,True,3.8677469701379006,0.125,0.4,Male,Hindi,,145.39543545,29.86914405
33081,Paheli,hi,hi,2005-06-24,1.0726,6.144,101,2,2,3,21,7,4900000,11000000,141,"['Romance', 'Drama', 'Fantasy']",['Red Chillies Entertainment'],2.0,False,True,2005,2005,"['Romance', 'Drama', 'Fantasy']",Romance,11000000.0,4900000.0,True,1.2448979591836735,0.3333333333333333,0.4,Male,Hindi,,91.85,40.915
598826,Sardar Udham,hi,hi,2021-10-16,1.0245,7.115,126,2,1,4,22,2,0,0,162,"['Crime', 'Drama', 'History']","['Kino Works', 'Rising Sun Films', 'MD Trade', 'Alchemie Overseas']",0.0,False,False,2021,2020,"['Crime', 'Drama', 'History']",Crime,,,False,,0.0909090909090909,0.2,Male,Hindi,,,
240614,R... Rajkumar,hi,hi,2013-12-06,1.2211,6.155,103,2,1,4,13,4,0,0,146,"['Action', 'Romance']","['Next Gen Films', 'Eros International']",0.0,False,False,2013,2010,"['Action', 'Romance']",Action,,,False,,0.3076923076923077,0.2,Male,Hindi,,,
45316,Udaan,hi,hi,2010-06-17,1.0017,7.206,223,2,0,5,47,0,800000,520000,138,['Drama'],"['UTV Spotboy Motion Pictures', 'Anurag Kashyap Films', 'Sanjay Singh Films']",0.0,False,False,2010,2010,['Drama'],Drama,520000.0,800000.0,True,-0.35,0.0,0.0,Male,Hindi,,4.342,6.68
456570,Hindi Medium,hi,hi,2017-05-19,1.1799,7.381,206,0,3,2,21,10,3213790,52390000,132,"['Comedy', 'Drama']",['Maddock Films'],2.0,False,True,2017,2015,"['Comedy', 'Drama']",Comedy,52390000.0,3213790.0,True,15.301625183972815,0.4761904761904761,0.6,Unknown,Hindi,,437.4565,26.8351465
291157,Khoobsurat,hi,hi,2014-09-19,0.8111,6.598,127,0,4,1,11,4,230,0,130,"['Comedy', 'Romance']","['Disney World Cinema', 'UTV Motion Pictures', 'Anil Kapoor Film & Communication Network']",2.0,False,True,2014,2010,"['Comedy', 'Romance']",Comedy,,230.0,False,,0.3636363636363636,0.8,Unknown,Hindi,,,0.0019205
20360,Namastey London,hi,hi,2007-03-23,0.9075,6.19,124,2,1,4,11,4,0,0,131,"['Comedy', 'Drama', 'Romance']","['Blockbuster Movie Entertainers', 'Ultra Media & Entertainment [IN]', 'Namastey London Productions Limited', 'Eros International']",0.0,False,False,2007,2005,"['Comedy', 'Drama', 'Romance']",Comedy,,,False,,0.3636363636363636,0.2,Male,Hindi,,,
85052,Housefull 2,hi,hi,2012-04-05,1.1044,5.551,127,2,1,4,15,5,7100000,22000000,160,"['Comedy', 'Romance']","['Nadiadwala Grandson Entertainment', 'Eros Worldwide']",0.0,False,False,2012,2010,"['Comedy', 'Romance']",Comedy,22000000.0,7100000.0,True,2.0985915492957745,0.3333333333333333,0.2,Male,Hindi,,183.7,59.285
391779,Housefull 3,hi,hi,2016-06-03,1.0418,5.1,110,2,2,3,17,4,13000000,23000000,140,"['Comedy', 'Romance']",[],2.0,False,True,2016,2015,"['Comedy', 'Romance']",Comedy,23000000.0,13000000.0,True,0.7692307692307693,0.2352941176470588,0.4,Male,Hindi,,192.05,108.55
19663,Love Aaj Kal,hi,hi,2009-07-31,1.0206,6.243,111,2,1,3,13,6,12500000,20794985,128,"['Comedy', 'Drama', 'Romance']","['Eros International', 'Illuminati Films Pvt Ltd']",0.0,False,False,2009,2005,"['Comedy', 'Drama', 'Romance']",Comedy,20794985.0,12500000.0,True,0.6635988,0.4615384615384615,0.2,Male,Hindi,,173.63812475,104.375
25868,Aladin,hi,hi,2009-10-29,0.9456,6.2,100,2,2,3,8,3,0,0,132,"['Fantasy', 'Drama', 'Romance', 'Adventure', 'Comedy']",[],2.0,False,True,2009,2005,"['Fantasy', 'Drama', 'Romance', 'Adventure', 'Comedy']",Fantasy,,,False,,0.375,0.4,Male,Hindi,,,
14071,Dostana,hi,hi,2008-11-13,0.8827,6.142,169,0,2,3,14,5,10000000,20000000,141,"['Drama', 'Comedy', 'Romance']","['Dharma Productions', 'Black Dog Jib Productions', 'Yash Raj Films']",2.0,False,True,2008,2005,"['Drama', 'Comedy', 'Romance']",Drama,20000000.0,10000000.0,True,1.0,0.3571428571428571,0.4,Unknown,Hindi,,167.0,83.5
441875,Toilet: A Love Story,hi,hi,2017-08-11,1.0864,6.813,214,0,1,4,9,4,3700000,13800000,155,"['Comedy', 'Drama', 'Romance']","['KriArj Entertainment', 'Grazing Goat Pictures', 'Friday Filmworks', 'Abundantia Entertainment', 'Plan C Studios']",0.0,False,False,2017,2015,"['Comedy', 'Drama', 'Romance']",Comedy,13800000.0,3700000.0,True,2.72972972972973,0.4444444444444444,0.2,Unknown,Hindi,,115.23,30.895
34764,Karthik Calling Karthik,hi,hi,2010-02-26,1.0334,6.3,103,0,2,3,22,2,2800000,3900000,135,"['Romance', 'Mystery', 'Thriller']","['Eros International', 'Excel Entertainment']",2.0,False,True,2010,2010,"['Romance', 'Mystery', 'Thriller']",Romance,3900000.0,2800000.0,True,0.3928571428571428,0.0909090909090909,0.4,Unknown,Hindi,,32.565,23.38
273886,Holiday,hi,hi,2014-06-06,0.9964,6.339,146,2,1,4,26,4,0,0,170,"['Action', 'Crime', 'Thriller']","['Reliance Entertainment', 'Hari Om Entertainment']",0.0,False,False,2014,2010,"['Action', 'Crime', 'Thriller']",Action,,,False,,0.1538461538461538,0.2,Male,Hindi,,,
19703,A Wednesday!,hi,hi,2008-09-05,1.176,7.0,358,2,1,4,20,2,1400000,3500000,103,"['Drama', 'Thriller']",['UTV Motion Pictures'],0.0,False,False,2008,2005,"['Drama', 'Thriller']",Drama,3500000.0,1400000.0,True,1.5,0.1,0.2,Male,Hindi,,29.225,11.69
472123,Golmaal Again,hi,hi,2017-10-20,0.9939,5.414,111,2,0,5,20,4,8400000,37000000,151,"['Comedy', 'Horror', 'Action', 'Fantasy']","['Reliance Entertainment', 'Rohit Shetty Productionz', 'Ajay Devgn FFilms']",0.0,False,False,2017,2015,"['Comedy', 'Horror', 'Action', 'Fantasy']",Comedy,37000000.0,8400000.0,True,3.4047619047619047,0.2,0.0,Male,Hindi,,308.95,70.14
41518,Guzaarish,hi,hi,2010-11-16,0.8844,7.377,130,2,2,2,20,7,0,0,126,"['Drama', 'Romance']","['Prime Focus', 'UTV Motion Pictures', 'Bhansali Productions']",2.0,False,True,2010,2010,"['Drama', 'Romance']",Drama,,,False,,0.35,0.4,Male,Hindi,,,
19670,Golmaal – Fun Unlimited,hi,hi,2006-07-14,1.0226,6.743,138,2,0,5,11,2,1800000,4900000,150,"['Comedy', 'Family']","['KSS Limited', 'Shree Ashtavinayak Cinevision Ltd']",0.0,False,False,2006,2005,"['Comedy', 'Family']",Comedy,4900000.0,1800000.0,True,1.7222222222222223,0.1818181818181818,0.0,Male,Hindi,,40.915,15.03
14546,Golmaal Returns,hi,hi,2008-10-29,0.9727,5.477,129,2,1,4,20,8,4200000,9600000,136,['Comedy'],['Shree Ashtavinayak Cine Vision'],0.0,False,False,2008,2005,['Comedy'],Comedy,9600000.0,4200000.0,True,1.2857142857142858,0.4,0.2,Male,Hindi,,80.16,35.07
376869,Neerja,hi,hi,2016-02-19,0.835,7.266,239,2,2,3,9,2,2900000,17618280,122,"['Drama', 'Thriller']","['Fox Star Studios', 'Bling Unplugged']",2.0,False,True,2016,2015,"['Drama', 'Thriller']",Drama,17618280.0,2900000.0,True,5.075268965517242,0.2222222222222222,0.4,Male,Hindi,,147.112638,24.215
285803,Singham Returns,hi,hi,2014-08-15,0.9127,6.118,131,2,1,4,13,2,13000000,26000000,142,['Action'],"['Reliance Entertainment', 'Ajay Devgn FFilms']",0.0,False,False,2014,2010,['Action'],Action,26000000.0,13000000.0,True,1.0,0.1538461538461538,0.2,Male,Hindi,,217.1,108.55
496527,October,hi,hi,2018-04-13,1.0261,6.951,113,2,2,1,15,2,0,0,109,"['Drama', 'Romance']","['Kino Works', 'Rising Sun Films']",2.0,False,True,2018,2015,"['Drama', 'Romance']",Drama,,,False,,0.1333333333333333,0.4,Male,Hindi,,,
332835,Piku,hi,hi,2015-05-08,0.8713,7.1,213,2,2,3,10,3,5500000,22159216,123,"['Comedy', 'Drama']","['Rising Sun Films', 'MSM Motion Pictures', 'Saraswati Entertainment Creations Limited', 'Yash Raj Films']",2.0,False,True,2015,2015,"['Comedy', 'Drama']",Comedy,22159216.0,5500000.0,True,3.028948363636363,0.3,0.4,Male,Hindi,,185.0294536,45.925
31977,Black,hi,hi,2005-02-04,0.9837,7.675,228,2,3,2,23,6,2652377,8029469,124,['Drama'],"['Applause Bhansali Productions', 'Applause Entertainment', 'Bhansali Productions', 'Yash Raj Films']",2.0,False,True,2005,2005,['Drama'],Drama,8029469.0,2652377.0,True,2.0272728952181382,0.2608695652173913,0.6,Male,Hindi,,67.04606615,22.14734795
512098,Blackmail,hi,hi,2018-04-06,0.8003,6.863,106,2,2,3,12,5,0,0,138,"['Comedy', 'Thriller']","['RDP Motion Pictures', 'T-Series']",2.0,False,True,2018,2015,"['Comedy', 'Thriller']",Comedy,,,False,,0.4166666666666667,0.4,Male,Hindi,,,
177358,Jolly LLB,hi,hi,2013-03-15,0.8593,7.082,141,0,1,4,20,2,0,0,135,"['Comedy', 'Drama']",['Fox Star Studios'],0.0,False,False,2013,2010,"['Comedy', 'Drama']",Comedy,,,False,,0.1,0.2,Unknown,Hindi,,,
465642,Parmanu: The Story of Pokhran,hi,hi,2018-05-25,0.9048,7.1,112,0,1,4,10,2,7405000,0,129,"['Drama', 'History', 'Thriller']","['Zee Studios', 'JA Entertainment', 'KYTA Productions']",0.0,False,False,2018,2015,"['Drama', 'History', 'Thriller']",Drama,,7405000.0,False,,0.2,0.2,Unknown,Hindi,,,61.83175
375290,Airlift,hi,hi,2016-01-22,0.9461,7.11,214,2,1,3,19,3,4500000,32000000,126,"['Drama', 'History', 'Action']","['T-Series', 'Hari Om Entertainment', 'Cape of Good Films', 'Viacom18 Studios', 'Abundantia Entertainment', 'Emmay Entertainment']",0.0,False,False,2016,2015,"['Drama', 'History', 'Action']",Drama,32000000.0,4500000.0,True,6.111111111111111,0.1578947368421052,0.2,Male,Hindi,,267.2,37.575
320295,Detective Byomkesh Bakshy!,hi,hi,2015-04-02,0.7519,6.727,110,2,1,3,24,2,5100000,5200000,139,"['Action', 'Mystery', 'Drama']",['Dibakar Banerjee Productions'],0.0,False,False,2015,2015,"['Action', 'Mystery', 'Drama']",Action,5200000.0,5100000.0,True,0.0196078431372549,0.0833333333333333,0.2,Male,Hindi,,43.42,42.585
336211,Tanu Weds Manu: Returns,hi,hi,2015-05-22,0.7527,6.88,167,2,2,3,14,2,6153000,39270000,128,"['Comedy', 'Romance']","['Eros International', 'Colour Yellow Productions']",2.0,False,True,2015,2015,"['Comedy', 'Romance']",Comedy,39270000.0,6153000.0,True,5.382252559726963,0.1428571428571428,0.4,Male,Hindi,,327.9045,51.37755
247645,Queen,hi,hi,2014-03-07,0.921,7.319,309,2,2,3,8,2,1900000,17000000,146,"['Comedy', 'Drama']","['Phantom Films', 'Viacom18 Studios']",2.0,False,True,2014,2010,"['Comedy', 'Drama']",Comedy,17000000.0,1900000.0,True,7.947368421052632,0.25,0.4,Male,Hindi,,141.95,15.865
15084,Salaam Namaste,hi,hi,2005-09-09,0.8349,6.243,101,2,1,4,7,1,2500000,0,158,"['Comedy', 'Romance', 'Drama']","['Yash Raj Films', 'Films & Casting TEMPLE', 'Film Victoria', 'Prime Focus']",0.0,False,False,2005,2005,"['Comedy', 'Romance', 'Drama']",Comedy,,2500000.0,False,,0.1428571428571428,0.2,Male,Hindi,,,20.875
14467,Jaane Tu... Ya Jaane Na,hi,hi,2008-07-04,0.9334,6.836,171,0,3,2,30,5,2300000,11100000,155,"['Drama', 'Comedy', 'Romance']","['PVR Inox Pictures', 'Aamir Khan Productions']",2.0,False,True,2008,2005,"['Drama', 'Comedy', 'Romance']",Drama,11100000.0,2300000.0,True,3.8260869565217392,0.1666666666666666,0.6,Unknown,Hindi,,92.685,19.205
498598,Sonu Ke Titu Ki Sweety,hi,hi,2018-02-23,1.0745,6.574,129,2,2,3,32,7,0,0,144,"['Romance', 'Comedy']","['LUV Films', 'Sarke Studio']",2.0,False,True,2018,2015,"['Romance', 'Comedy']",Romance,,,False,,0.21875,0.4,Male,Hindi,,,
20688,Kaminey,hi,hi,2009-08-14,0.716,6.7,104,2,1,3,13,2,9000000,18130000,135,"['Action', 'Crime', 'Drama']","['UTV Motion Pictures', 'Vishal Bhardwaj Pictures']",0.0,False,False,2009,2005,"['Action', 'Crime', 'Drama']",Action,18130000.0,9000000.0,True,1.0144444444444445,0.1538461538461538,0.2,Male,Hindi,,151.3855,75.15
96398,Paan Singh Tomar,hi,hi,2012-03-02,0.8076,7.391,142,2,1,3,13,1,0,0,135,"['Crime', 'Drama']","['UTV Motion Pictures', 'UTV Spotboy Motion Pictures']",0.0,False,False,2012,2010,"['Crime', 'Drama']",Crime,,,False,,0.0769230769230769,0.2,Male,Hindi,,,
259720,2 States,hi,hi,2014-04-17,1.1025,6.5,158,0,3,2,11,4,4587786,22414611,149,"['Comedy', 'Romance', 'Drama']","['Dharma Productions', 'Nadiadwala Grandson Entertainment', 'T-Series']",2.0,False,True,2014,2010,"['Comedy', 'Romance', 'Drama']",Comedy,22414611.0,4587786.0,True,3.885714154932249,0.3636363636363636,0.6,Unknown,Hindi,,187.16200185,38.3080131
467106,Bareilly Ki Barfi,hi,hi,2017-08-17,1.0005,6.881,189,1,1,3,11,4,2740700,8050806,123,"['Comedy', 'Romance']","['Junglee Pictures', 'BR Studios', 'Sahil Arora Creative Films SACF', 'Prime Link Media PLM']",0.0,False,False,2017,2015,"['Comedy', 'Romance']",Comedy,8050806.0,2740700.0,True,1.937499908782428,0.3636363636363636,0.2,Female,Hindi,,67.2242301,22.884845
275269,Wazir,hi,hi,2016-01-07,0.8701,6.736,138,2,1,4,12,4,5200000,9200000,103,"['Thriller', 'Action', 'Crime']","['Getaway Films Private Limited', 'Vinod Chopra Films', 'Rajkumar Hirani Films', 'Vidhu Vinod Chopra Productions']",0.0,False,False,2016,2015,"['Thriller', 'Action', 'Crime']",Thriller,9200000.0,5200000.0,True,0.7692307692307693,0.3333333333333333,0.2,Male,Hindi,,76.82,43.42
15977,Dev.D,hi,hi,2009-02-06,0.6971,6.99,145,2,2,1,13,4,1700000,7600000,144,"['Comedy', 'Drama', 'Romance']","['UTV Spotboy Motion Pictures', 'UTV Motion Pictures', 'Anurag Kashyap Films']",2.0,False,True,2009,2005,"['Comedy', 'Drama', 'Romance']",Comedy,7600000.0,1700000.0,True,3.4705882352941178,0.3076923076923077,0.4,Male,Hindi,,63.46,14.195
26815,Rocket Singh: Salesman of the Year,hi,hi,2009-12-11,0.8348,6.861,122,2,0,4,32,2,1250000,0,156,"['Drama', 'Comedy', 'Romance']",['Yash Raj Films'],0.0,False,False,2009,2005,"['Drama', 'Comedy', 'Romance']",Drama,,1250000.0,False,,0.0625,0.0,Male,Hindi,,,10.4375
431892,Trapped,hi,hi,2017-03-17,0.7113,6.881,130,2,1,1,3,1,0,436529,105,"['Thriller', 'Drama']","['Reliance Entertainment', 'Phantom Films']",0.0,False,False,2017,2015,"['Thriller', 'Drama']",Thriller,436529.0,,True,,0.3333333333333333,0.2,Male,Hindi,,3.64501715,
252841,Highway,hi,hi,2014-02-13,0.8286,7.2,184,2,1,3,8,1,2860530,5458444,133,"['Drama', 'Romance', 'Crime']","['Window Seat Films', 'Nadiadwala Grandson Entertainment', 'Window Seat Films']",0.0,False,False,2014,2010,"['Drama', 'Romance', 'Crime']",Drama,5458444.0,2860530.0,True,0.908193236917634,0.125,0.2,Male,Hindi,,45.5780074,23.8854255
505175,Love per Square Foot,hi,hi,2018-02-14,0.714,6.69,124,2,2,3,15,6,0,0,133,"['Comedy', 'Romance']","['RSVP Movies', 'Leo Media Collective']",2.0,False,True,2018,2015,"['Comedy', 'Romance']",Comedy,,,False,,0.4,0.4,Male,Hindi,,,
158519,1920: Evil Returns,hi,hi,2012-11-02,0.8075,5.705,139,0,2,3,7,3,0,0,130,"['Thriller', 'Horror', 'Romance']",['ASA Productions and Enterprises'],2.0,False,True,2012,2010,"['Thriller', 'Horror', 'Romance']",Thriller,,,False,,0.4285714285714285,0.4,Unknown,Hindi,,,
439128,Newton,hi,hi,2017-09-22,0.727,7.1,147,2,1,3,14,1,0,0,106,"['Comedy', 'Drama']","['Colour Yellow Productions', 'Drishyam Films']",0.0,False,False,2017,2015,"['Comedy', 'Drama']",Comedy,,,False,,0.0714285714285714,0.2,Male,Hindi,,,
168245,Kai Po Che!,hi,hi,2013-02-13,0.5942,7.047,148,2,1,4,8,1,0,0,126,['Drama'],['UTV Motion Pictures'],0.0,False,False,2013,2010,['Drama'],Drama,,,False,,0.125,0.2,Male,Hindi,,,
198556,Main Krishna Hoon,hi,hi,2013-01-25,0.591,6.053,113,0,2,2,5,2,0,0,135,"['Animation', 'Family']","['Eros International', 'JC Film Visions']",2.0,False,True,2013,2010,"['Animation', 'Family']",Animation,,,False,,0.4,0.4,Unknown,Hindi,,,
39217,Maine Pyaar Kyun Kiya?,hi,hi,2005-07-15,0.7519,5.365,126,2,2,3,11,4,0,0,145,"['Comedy', 'Drama', 'Romance']","['Shree Ashtavinayak Cine Vision', 'Sohail Khan Production']",2.0,False,True,2005,2005,"['Comedy', 'Drama', 'Romance']",Comedy,,,False,,0.3636363636363636,0.4,Male,Hindi,,,
533237,Karwaan,hi,hi,2018-08-03,0.9967,7.08,113,0,3,2,15,4,3038109,3489863,125,"['Adventure', 'Comedy']",['RSVP Movies'],2.0,False,True,2018,2015,"['Adventure', 'Comedy']",Adventure,3489863.0,3038109.0,True,0.1486957841209779,0.2666666666666666,0.6,Unknown,Hindi,,29.14035605,25.36821015
418235,Lipstick Under My Burkha,hi,hi,2017-07-21,0.7042,6.811,106,0,4,1,34,7,0,0,116,"['Comedy', 'Drama']","['Balaji Motion Pictures', 'Prakash Jha Productions']",2.0,False,True,2017,2015,"['Comedy', 'Drama']",Comedy,,,False,,0.2058823529411764,0.8,Unknown,Hindi,,,
58333,Tanu Weds Manu,hi,hi,2011-02-25,0.6823,6.816,106,2,1,4,12,2,400000,252000,119,"['Comedy', 'Romance', 'Drama']","['Sanjay Singh Films', 'Viacom18 Studios', 'Soundarya production']",0.0,False,False,2011,2010,"['Comedy', 'Romance', 'Drama']",Comedy,252000.0,400000.0,True,-0.37,0.1666666666666666,0.2,Male,Hindi,,2.1042,3.34
191726,Ugly,hi,hi,2013-05-17,0.6861,6.988,129,2,0,3,12,2,700000,2200000,128,"['Thriller', 'Drama', 'Mystery', 'Crime']","['Phantom Films', 'DAR Motion Pictures']",0.0,False,False,2013,2010,"['Thriller', 'Drama', 'Mystery', 'Crime']",Thriller,2200000.0,700000.0,True,2.142857142857143,0.1666666666666666,0.0,Male,Hindi,,18.37,5.845
284288,Mary Kom,hi,hi,2014-09-05,0.5407,7.0,103,0,1,4,9,2,224056,15536328,122,"['Action', 'Drama']","['Viacom18 Studios', 'Bhansali Productions', 'Eros International']",0.0,False,False,2014,2010,"['Action', 'Drama']",Action,15536328.0,224056.0,True,68.34127182490091,0.2222222222222222,0.2,Unknown,Hindi,,129.7283388,1.8708676
19672,Rock On!!,hi,hi,2008-08-29,0.5242,6.835,106,2,1,4,13,5,7000000,0,144,['Drama'],"['Excel Entertainment', 'Reliance Entertainment']",0.0,False,False,2008,2005,['Drama'],Drama,,7000000.0,False,,0.3846153846153846,0.2,Male,Hindi,,,58.45
15412,Khosla Ka Ghosla!,hi,hi,2006-09-22,0.6715,7.276,114,2,1,4,19,2,0,0,135,['Comedy'],['UTV Motion Pictures'],0.0,False,False,2006,2005,['Comedy'],Comedy,,,False,,0.1052631578947368,0.2,Male,Hindi,,,
20365,Hello,hi,hi,2008-10-10,0.5164,5.663,141,2,3,2,13,5,0,0,129,['Comedy'],"['Funky Buddha Media', 'Mirah Entertainment', 'Perception Pictures', 'Reel Life Productions']",2.0,False,True,2008,2005,['Comedy'],Comedy,,,False,,0.3846153846153846,0.6,Male,Hindi,,,
524288,Period. End of Sentence.,hi,hi,2018-04-05,0.5264,7.784,250,1,0,0,15,0,0,0,26,['Documentary'],"['Sikhya Entertainment', 'The Pad Project']",,False,False,2018,2015,['Documentary'],Documentary,,,False,,0.0,0.0,Female,Hindi,,,
377213,Te3n,hi,hi,2016-06-10,0.9588,6.881,105,2,1,4,15,1,5069632,4817642,136,"['Mystery', 'Thriller', 'Crime']","['Blue Waters Motion Pictures', 'Kross Pictures', 'Endemol Shine India', 'Reliance Entertainment']",0.0,False,False,2016,2015,"['Mystery', 'Thriller', 'Crime']",Mystery,4817642.0,5069632.0,True,-0.0497057774607703,0.0666666666666666,0.2,Male,Hindi,,40.2273107,42.3314272
84533,Ek Main Aur Ekk Tu,hi,hi,2012-02-10,0.5188,5.6,152,2,2,3,7,2,0,0,110,"['Drama', 'Comedy', 'Romance']","['Dharma Productions', 'UTV Motion Pictures']",2.0,False,True,2012,2010,"['Drama', 'Comedy', 'Romance']",Drama,,,False,,0.2857142857142857,0.4,Male,Hindi,,,
381070,Loev,hi,hi,2016-05-12,0.4035,5.257,103,0,0,3,4,0,0,0,90,"['Drama', 'Romance']","['Productions Four Line Films', 'Bombay Berlin Film']",0.0,False,False,2016,2015,"['Drama', 'Romance']",Drama,,,False,,0.0,0.0,Unknown,Hindi,,,
949229,Leo,ta,ta,2023-10-18,5.5023,6.9,125,2,2,3,30,8,42219285,71772785,163,"['Action', 'Crime', 'Thriller']","['Seven Screen Studios', 'The Route']",2.0,False,True,2023,2020,"['Action', 'Crime', 'Thriller']",Action,71772785.0,42219285.0,True,0.7000000118429291,0.2666666666666666,0.4,Male,Tamil,,599.30275475,352.53102975
743563,Vikram,ta,ta,2022-06-02,3.0703,7.565,162,2,0,5,38,9,15354648,54172014,174,"['Action', 'Crime', 'Thriller']",['Raajkamal Films International'],0.0,False,False,2022,2020,"['Action', 'Crime', 'Thriller']",Action,54172014.0,15354648.0,True,2.5280531341389265,0.2368421052631578,0.0,Male,Tamil,,452.3363169,128.2113108
1118224,Maharaja,ta,ta,2024-06-14,3.578,7.7,217,0,2,3,31,8,0,10758542,141,"['Action', 'Thriller', 'Mystery']","['Passion Studios', 'The Route', 'Think Studios']",2.0,False,True,2024,2020,"['Action', 'Thriller', 'Mystery']",Action,10758542.0,,True,,0.2580645161290322,0.4,Unknown,Tamil,,89.8338257,
927342,Amaran,ta,ta,2024-10-31,3.1587,7.35,254,2,1,3,25,2,14700000,39200000,169,"['Action', 'Drama', 'Adventure', 'War']","['Raajkamal Films International', 'Sony Pictures International Productions']",0.0,False,False,2024,2020,"['Action', 'Drama', 'Adventure', 'War']",Action,39200000.0,14700000.0,True,1.6666666666666667,0.08,0.2,Male,Tamil,,327.32,122.745
456287,Mersal,ta,ta,2017-10-18,3.2338,7.272,125,2,3,2,23,9,0,0,161,"['Thriller', 'Action', 'Crime']",['Sri Thenandal Films'],2.0,False,True,2017,2015,"['Thriller', 'Action', 'Crime']",Thriller,,,False,,0.391304347826087,0.6,Male,Tamil,,,
937020,Jailer,ta,ta,2023-08-10,2.8122,6.608,111,2,1,4,36,4,0,72997485,165,"['Action', 'Crime', 'Thriller', 'Comedy', 'Adventure']",['Sun Pictures'],0.0,False,False,2023,2020,"['Action', 'Crime', 'Thriller', 'Comedy', 'Adventure']",Action,72997485.0,,True,,0.1111111111111111,0.2,Male,Tamil,,609.52899975,
263471,I,ta,ta,2015-01-04,2.225,6.742,132,2,1,4,16,4,0,0,170,"['Thriller', 'Action', 'Romance']",['Aascar Films'],0.0,False,False,2015,2015,"['Thriller', 'Action', 'Romance']",Thriller,,,False,,0.25,0.2,Male,Tamil,,,
370076,Theri,ta,ta,2016-04-14,2.3229,6.8,108,2,3,2,34,11,0,69,157,"['Action', 'Crime', 'Thriller']","['V Creations', 'Vijaya Films']",2.0,False,True,2016,2015,"['Action', 'Crime', 'Thriller']",Action,,,False,,0.3235294117647059,0.6,Male,Tamil,,,
148284,Enthiran,ta,ta,2010-10-01,1.891,6.6,248,2,1,4,19,6,26400000,62000000,176,"['Action', 'Science Fiction', 'Adventure']",['Sun Pictures'],0.0,False,False,2010,2010,"['Action', 'Science Fiction', 'Adventure']",Action,62000000.0,26400000.0,True,1.3484848484848484,0.3157894736842105,0.2,Male,Tamil,,517.7,220.44
626392,Master,ta,ta,2021-01-13,2.1765,6.6,119,2,2,3,48,13,0,0,179,"['Action', 'Thriller', 'Crime']","['XB Film Creators', 'Seven Screen Studios', 'B4U Motion Pictures']",2.0,False,True,2021,2020,"['Action', 'Thriller', 'Crime']",Action,,,False,,0.2708333333333333,0.4,Male,Tamil,,,
595228,Soorarai Pottru,ta,ta,2020-11-12,2.2915,7.806,121,1,2,3,24,6,0,0,149,"['Drama', 'Action']","['2D Entertainment', 'Sikhya Entertainment']",3.0,True,True,2020,2020,"['Drama', 'Action']",Drama,,,False,,0.25,0.4,Female,Tamil,,,
855400,Jai Bhim,ta,ta,2021-11-02,1.7174,7.284,231,2,2,2,29,5,0,0,164,"['Crime', 'Drama', 'Mystery', 'History']",['2D Entertainment'],2.0,False,True,2021,2020,"['Crime', 'Drama', 'Mystery', 'History']",Crime,,,False,,0.1724137931034483,0.4,Male,Tamil,,,
410331,Vada Chennai,ta,ta,2018-10-17,1.8301,7.8,106,2,2,3,23,3,0,0,166,"['Action', 'Crime', 'Drama']","['Wunderbar Films', 'Grass Root Film Company', 'Lyca Productions', 'Oveyen Studio']",2.0,False,True,2018,2015,"['Action', 'Crime', 'Drama']",Action,,,False,,0.1304347826086956,0.4,Male,Tamil,,,
441717,96,ta,ta,2018-10-04,1.7009,7.622,144,2,3,2,11,5,0,0,159,['Romance'],['Madras Enterprises'],2.0,False,True,2018,2015,['Romance'],Romance,,,False,,0.4545454545454545,0.6,Male,Tamil,,,
587030,Kaithi,ta,ta,2019-10-25,1.8649,7.6,147,2,0,5,24,3,0,0,147,"['Action', 'Thriller', 'Crime']","['Dream Warrior Pictures', 'Vivekandanda Pictures']",0.0,False,False,2019,2015,"['Action', 'Thriller', 'Crime']",Action,,,False,,0.125,0.0,Male,Tamil,,,
412862,Ratsasan,ta,ta,2018-10-05,1.6269,7.396,188,0,2,3,22,6,0,0,170,"['Thriller', 'Crime', 'Mystery']",['Axess Film Factory'],2.0,False,True,2018,2015,"['Thriller', 'Crime', 'Mystery']",Thriller,,,False,,0.2727272727272727,0.4,Unknown,Tamil,,,
373449,2.0,ta,ta,2018-11-29,1.4442,5.8,174,2,1,4,15,5,77000000,114629169,149,"['Action', 'Science Fiction', 'Fantasy']",['Lyca Productions'],0.0,False,False,2018,2015,"['Action', 'Science Fiction', 'Fantasy']",Action,114629169.0,77000000.0,True,0.4886905064935065,0.3333333333333333,0.2,Male,Tamil,,957.15356115,642.95
19978,Anniyan,ta,ta,2005-06-17,1.3959,7.4,117,2,1,4,23,6,0,8500000,181,"['Action', 'Drama', 'Thriller', 'Crime']",['Aascar Films'],0.0,False,False,2005,2005,"['Action', 'Drama', 'Thriller', 'Crime']",Action,8500000.0,,True,,0.2608695652173913,0.2,Male,Tamil,,70.975,
432011,Super Deluxe,ta,ta,2019-03-29,1.174,7.713,134,2,2,3,17,4,1539980,0,176,"['Comedy', 'Thriller', 'Drama', 'Crime']","['Tyler Durden And Kino Fist', 'Alchemy Vision Workz', 'East West Dream Works']",2.0,False,True,2019,2015,"['Comedy', 'Thriller', 'Drama', 'Crime']",Comedy,,1539980.0,False,,0.2352941176470588,0.4,Male,Tamil,,,12.858833
24049,Sivaji: The Boss,ta,ta,2007-06-08,1.2561,7.092,142,2,1,4,26,6,12000000,19000000,189,"['Action', 'Drama']",['AVM Productions'],0.0,False,False,2007,2005,"['Action', 'Drama']",Action,19000000.0,12000000.0,True,0.5833333333333334,0.2307692307692307,0.2,Male,Tamil,,158.65,100.2
368006,24,ta,ta,2016-05-05,1.3661,7.201,132,0,3,2,12,4,10000000,15000000,164,"['Action', 'Science Fiction', 'Thriller']","['Studio Green', '2D Entertainment']",2.0,False,True,2016,2015,"['Action', 'Science Fiction', 'Thriller']",Action,15000000.0,10000000.0,True,0.5,0.3333333333333333,0.6,Unknown,Tamil,,125.25,83.5
432139,Vikram Vedha,ta,ta,2017-07-21,1.2224,7.224,225,2,2,3,14,2,0,0,147,"['Action', 'Thriller', 'Crime', 'Adventure']",['Y NOT Studios'],2.0,False,True,2017,2015,"['Action', 'Thriller', 'Crime', 'Adventure']",Action,,,False,,0.1428571428571428,0.4,Male,Tamil,,,
576928,Asuran,ta,ta,2019-10-02,0.9835,7.566,106,2,1,4,22,4,0,0,141,"['Action', 'Drama']",['V Creations'],0.0,False,False,2019,2015,"['Action', 'Drama']",Action,,,False,,0.1818181818181818,0.2,Male,Tamil,,,
143010,Thuppakki,ta,ta,2012-11-13,1.0973,7.301,113,2,1,4,20,6,11000000,23000000,170,"['Action', 'Thriller']","['V Creations', 'Gemini Productions']",0.0,False,False,2012,2010,"['Action', 'Thriller']",Action,23000000.0,11000000.0,True,1.0909090909090908,0.3,0.2,Male,Tamil,,192.05,91.85
263475,Kaththi,ta,ta,2014-10-22,0.8946,7.215,107,2,1,4,13,5,1600000,0,167,"['Action', 'Drama']","['Lyca Productions', 'Ayngaran International']",0.0,False,False,2014,2010,"['Action', 'Drama']",Action,,1600000.0,False,,0.3846153846153846,0.2,Male,Tamil,,,13.36
1041580,The Elephant Whisperers,ta,ta,2022-12-07,0.741,7.273,143,1,0,0,2,0,0,0,40,['Documentary'],['Sikhya Entertainment'],,False,False,2022,2020,['Documentary'],Documentary,,,False,,0.0,0.0,Female,Tamil,,,
69636,Ghajini,ta,ta,2005-10-14,0.8824,6.863,102,2,2,3,8,3,3200000,0,182,"['Action', 'Romance', 'Thriller']",['Sri Saravanaa Creaations'],2.0,False,True,2005,2005,"['Action', 'Romance', 'Thriller']",Action,,3200000.0,False,,0.375,0.4,Male,Tamil,,,26.72
117319,Vishwaroopam,ta,ta,2013-01-25,0.5676,6.307,101,2,2,3,20,4,17000000,51000000,147,"['Action', 'Thriller']","['Aascar Films', 'PVP Cinema', 'Raajkamal Films International']",2.0,False,True,2013,2010,"['Action', 'Thriller']",Action,51000000.0,17000000.0,True,2.0,0.2,0.4,Male,Tamil,,425.85,141.95
579974,RRR,te,te,2022-03-24,12.7669,7.716,1599,2,2,3,31,6,69000000,160000000,187,"['Action', 'Adventure', 'Drama']",['DVV Entertainment'],2.0,False,True,2022,2020,"['Action', 'Adventure', 'Drama']",Action,160000000.0,69000000.0,True,1.318840579710145,0.1935483870967742,0.4,Male,Telugu,,1200.0,576.15
857598,Pushpa 2 - The Rule,te,te,2024-12-04,10.144,6.29,143,2,1,4,34,9,52900000,219000000,201,"['Action', 'Drama', 'Thriller', 'Crime']","['Mythri Movie Makers', 'Sukumar Writings', 'CineSpare']",0.0,False,False,2024,2020,"['Action', 'Drama', 'Thriller', 'Crime']",Action,219000000.0,52900000.0,True,3.1398865784499055,0.2647058823529412,0.2,Male,Telugu,,1755.4,441.715
770906,Salaar: Part 1 - Ceasefire,te,te,2023-12-21,6.8985,6.674,112,2,2,3,34,5,34000000,87229100,175,"['Action', 'Crime', 'Drama']",['Hombale Films'],2.0,False,True,2023,2020,"['Action', 'Crime', 'Drama']",Action,87229100.0,34000000.0,True,1.5655617647058824,0.1470588235294117,0.4,Male,Telugu,,728.362985,283.9
801688,Kalki 2898-AD,te,te,2024-06-26,5.9965,6.389,176,2,1,4,53,8,75000000,141000000,176,"['Drama', 'Action', 'Fantasy', 'Science Fiction']","['Vyjayanthi Movies', 'Annapurna Studios']",0.0,False,False,2024,2020,"['Drama', 'Action', 'Fantasy', 'Science Fiction']",Drama,141000000.0,75000000.0,True,0.88,0.1509433962264151,0.2,Male,Telugu,,1052.4,626.25
811941,Devara: Part 1,te,te,2024-09-26,4.639,6.922,217,2,0,5,31,9,31764000,54216867,175,"['Action', 'Drama']","['N. T. R. Arts', 'Yuvasudha Arts']",0.0,False,False,2024,2020,"['Action', 'Drama']",Action,54216867.0,31764000.0,True,0.7068652247827729,0.2903225806451613,0.0,Male,Telugu,,452.71083945,265.2294
350312,Bāhubali 2: The Conclusion,te,te,2017-04-27,4.8366,7.46,852,2,1,4,15,6,31000000,280700000,167,"['Action', 'Adventure', 'Fantasy']",['Arka Media Works'],0.0,False,False,2017,2015,"['Action', 'Adventure', 'Fantasy']",Action,280700000.0,31000000.0,True,8.05483870967742,0.4,0.2,Male,Telugu,,1810.0,258.85
690957,Pushpa: The Rise,te,te,2021-12-16,4.8307,6.757,183,2,2,3,26,6,17200000,45800000,179,"['Action', 'Drama', 'Thriller']","['Mythri Movie Makers', 'Muttamsetty Media']",2.0,False,True,2021,2020,"['Action', 'Drama', 'Thriller']",Action,45800000.0,17200000.0,True,1.662790697674419,0.2307692307692307,0.4,Male,Telugu,,382.43,143.62
256040,Bāhubali: The Beginning,te,te,2015-07-10,4.3086,7.533,928,2,3,2,25,8,25130430,90747520,159,"['Action', 'Drama']",['Arka Media Works'],2.0,False,True,2015,2015,"['Action', 'Drama']",Action,90747520.0,25130430.0,True,2.61106117165524,0.32,0.6,Male,Telugu,,757.741792,209.8390905
628241,Ala Vaikunthapurramuloo,te,te,2020-01-12,3.4323,6.588,108,2,1,4,30,8,11450000,34000000,165,"['Action', 'Comedy', 'Drama', 'Family']","['Geetha Arts', 'Haarika & Hassine Creations']",0.0,False,False,2020,2020,"['Action', 'Comedy', 'Drama', 'Family']",Action,34000000.0,11450000.0,True,1.9694323144104804,0.2666666666666666,0.2,Male,Telugu,,283.9,95.6075
894803,Sita Ramam,te,te,2022-08-05,3.2795,7.8,105,2,2,3,29,6,3400000,11800000,158,"['History', 'Romance', 'Drama']","['Vyjayanthi Movies', 'Swapna Cinema']",2.0,False,True,2022,2020,"['History', 'Romance', 'Drama']",History,11800000.0,3400000.0,True,2.4705882352941178,0.2068965517241379,0.4,Male,Telugu,,98.53,28.39
454292,Saaho,te,te,2019-08-29,3.8255,5.7,111,2,2,3,25,5,51000000,55000000,171,"['Action', 'Adventure', 'Thriller']",['UV Creations'],2.0,False,True,2019,2015,"['Action', 'Adventure', 'Thriller']",Action,55000000.0,51000000.0,True,0.0784313725490196,0.2,0.4,Male,Telugu,,459.25,425.85
683342,V,te,te,2020-09-05,1.3375,6.604,130,2,2,3,21,4,0,0,140,"['Action', 'Crime', 'Thriller']",['Sri Venkateswara Creations'],2.0,False,True,2020,2020,"['Action', 'Crime', 'Thriller']",Action,,,False,,0.1904761904761904,0.4,Male,Telugu,,,
23790,Magadheera,te,te,2009-07-31,1.5819,7.2,142,2,1,4,18,5,4583500,15278500,164,['Action'],['Geetha Arts'],0.0,False,False,2009,2005,['Action'],Action,15278500.0,4583500.0,True,2.333369695647431,0.2777777777777778,0.2,Male,Telugu,,127.575475,38.272225
148265,Eega,te,te,2012-07-05,1.1226,7.073,245,2,1,4,16,4,5990000,19450000,145,"['Fantasy', 'Action']",['Vaaraahi Chalana Chitram'],0.0,False,False,2012,2010,"['Fantasy', 'Action']",Fantasy,19450000.0,5990000.0,True,2.2470784641068446,0.25,0.2,Male,Telugu,,162.4075,50.0165
473234,Arjun Reddy,te,te,2017-08-25,0.9767,6.983,118,2,2,3,18,9,780000,8000000,187,"['Drama', 'Romance']",['Bhadrakali Pictures'],2.0,False,True,2017,2015,"['Drama', 'Romance']",Drama,8000000.0,780000.0,True,9.256410256410255,0.5,0.4,Male,Telugu,,66.8,6.513
